month,fruit_name,Variety,County,Town
1,椪柑,,苗栗縣,卓蘭鎮
1,椪柑,,台中市,東勢區
1,椪柑,,雲林縣,古坑鄉
1,椪柑,,嘉義縣,番路鄉
1,椪柑,,嘉義縣,梅山鄉
1,椪柑,,嘉義縣,竹崎鄉
1,椪柑,,台南市,東山區
1,番荔枝,大麟種、軟枝種,台南市,歸仁區
1,番荔枝,大麟種、軟枝種,台東縣,太麻里鄉
1,番荔枝,大麟種、軟枝種,台東縣,卑南鄉
1,番荔枝,大麟種、軟枝種,台東縣,東河鄉
1,番荔枝,大麟種、軟枝種,台東縣,台東市
1,番荔枝,鳳梨釋迦,台東縣,台東市
1,番荔枝,鳳梨釋迦,台東縣,東河鄉
1,番荔枝,鳳梨釋迦,台東縣,卑南鄉
1,番荔枝,鳳梨釋迦,台東縣,太麻里鄉
1,楊桃,馬來種、二林種、秤錘種、青乾種、紅龍、台農2號,苗栗縣,卓蘭鎮
1,楊桃,馬來種、二林種、秤錘種、青乾種、紅龍、台農2號,台南市,楠西區
1,楊桃,馬來種、二林種、秤錘種、青乾種、紅龍、台農2號,屏東縣,里港鄉
1,番石榴,珍珠種、世紀種,彰化縣,社頭鄉
1,番石榴,珍珠種、世紀種,彰化縣,溪州鄉
1,番石榴,珍珠種、世紀種,台南市,玉井區
1,番石榴,珍珠種、世紀種,台南市,楠西區
1,番石榴,珍珠種、世紀種,高雄市,大社區
1,番石榴,珍珠種、世紀種,高雄市,阿蓮區
1,番石榴,珍珠種、世紀種,高雄市,燕巢區
1,柳橙,,南投縣,中寮鄉
1,柳橙,,雲林縣,斗南鎮
1,柳橙,,雲林縣,古坑鄉
1,柳橙,,嘉義縣,番路鄉
1,柳橙,,嘉義縣,梅山鄉
1,柳橙,,嘉義縣,竹崎鄉
1,柳橙,,嘉義縣,中埔鄉
1,柳橙,,嘉義縣,民雄鄉
1,柳橙,,嘉義縣,大林鎮
1,柳橙,,台南市,白河區
1,柳橙,,台南市,六甲區
1,柳橙,,台南市,大內區
1,柳橙,,台南市,南化區
1,柳橙,,台南市,官田區
1,蓮霧,粉紅種及大粒種,高雄市,六龜區
1,蓮霧,粉紅種及大粒種,屏東縣,新埤鄉
1,蓮霧,粉紅種及大粒種,屏東縣,南州鄉
1,蓮霧,粉紅種及大粒種,屏東縣,林邊鄉
1,蓮霧,粉紅種及大粒種,屏東縣,佳冬鄉
1,蓮霧,粉紅種及大粒種,屏東縣,枋寮鄉
1,蓮霧,粉紅種及大粒種,屏東縣,高樹鄉
1,蓮霧,粉紅種及大粒種,屏東縣,鹽埔鄉
1,蓮霧,粉紅種及大粒種,屏東縣,長治鄉
1,蓮霧,粉紅種及大粒種,屏東縣,麟洛鄉
1,蓮霧,粉紅種及大粒種,屏東縣,內埔鄉
1,蓮霧,粉紅種及大粒種,屏東縣,潮州鎮
1,香蕉,北蕉及新北蕉,南投縣,中寮鄉
1,香蕉,北蕉及新北蕉,南投縣,南投市
1,香蕉,北蕉及新北蕉,南投縣,國姓鄉
1,香蕉,北蕉及新北蕉,南投縣,水里鄉
1,香蕉,北蕉及新北蕉,高雄市,美濃區
1,香蕉,北蕉及新北蕉,高雄市,旗山區
1,香蕉,北蕉及新北蕉,屏東縣,高樹鄉
1,香蕉,北蕉及新北蕉,屏東縣,新埤鄉
1,香蕉,北蕉及新北蕉,屏東縣,里港鄉
1,木瓜,台農2號,南投縣,草屯鎮
1,木瓜,台農2號,雲林縣,林內鄉
1,木瓜,台農2號,嘉義縣,中埔鄉
1,木瓜,台農2號,台南市,南化區
1,木瓜,台農2號,台南市,大內區
1,木瓜,台農2號,台南市,玉井區
1,木瓜,台農2號,台南市,楠西區
1,木瓜,台農2號,高雄市,美濃區
1,木瓜,台農2號,屏東縣,新埤鄉
1,木瓜,台農2號,屏東縣,萬巒鄉
1,木瓜,台農2號,屏東縣,長治鄉
1,桶柑,,新北市,三峽區
1,桶柑,,新北市,新店區
1,桶柑,,新竹縣,峨眉鄉
1,桶柑,,台中市,和平區
1,印度棗,蜜棗、台農1號、翠蜜、天蜜、高雄2號、高雄3號,台南市,玉井區
1,印度棗,蜜棗、台農1號、翠蜜、天蜜、高雄2號、高雄3號,台南市,南化區
1,印度棗,蜜棗、台農1號、翠蜜、天蜜、高雄2號、高雄3號,高雄市,大社區
1,印度棗,蜜棗、台農1號、翠蜜、天蜜、高雄2號、高雄3號,高雄市,岡山區
1,印度棗,蜜棗、台農1號、翠蜜、天蜜、高雄2號、高雄3號,高雄市,阿蓮區
1,印度棗,蜜棗、台農1號、翠蜜、天蜜、高雄2號、高雄3號,屏東縣,燕巢區
1,印度棗,蜜棗、台農1號、翠蜜、天蜜、高雄2號、高雄3號,屏東縣,高樹鄉
1,印度棗,蜜棗、台農1號、翠蜜、天蜜、高雄2號、高雄3號,屏東縣,鹽埔鄉
1,印度棗,蜜棗、台農1號、翠蜜、天蜜、高雄2號、高雄3號,屏東縣,里港鄉
1,茂谷柑,,台中市,東勢區
1,茂谷柑,,南投縣,水里鄉
1,茂谷柑,,雲林縣,古坑鄉
1,茂谷柑,,雲林縣,斗六市
1,茂谷柑,,嘉義縣,竹崎鄉
1,茂谷柑,,嘉義縣,梅山鄉
1,海梨柑,,新竹縣,新埔鎮
1,海梨柑,,新竹縣,關西鎮
1,海梨柑,,新竹縣,芎林鄉
1,海梨柑,,新竹縣,橫山鄉
1,海梨柑,,苗栗縣,卓蘭鎮
1,葡萄,巨峰,苗栗縣,卓蘭鎮
1,葡萄,巨峰,台中市,東勢區
1,葡萄,巨峰,台中市,新社區
1,葡萄,巨峰,台中市,豐原區
1,葡萄,巨峰,台中市,石岡區
1,葡萄,巨峰,彰化縣,埔心鄉
1,葡萄,巨峰,彰化縣,大村鄉
1,葡萄,巨峰,彰化縣,員林鎮
1,葡萄,巨峰,彰化縣,溪湖鎮
1,葡萄,巨峰,南投縣,水里鄉
1,葡萄,巨峰,南投縣,信義鄉
1,葡萄,巨峰,南投縣,竹山鎮
1,葡萄,蜜紅,彰化縣,埔心鄉
1,葡萄,蜜紅,彰化縣,大村鄉
1,金柑,長實金柑,彰化縣,二林鎮
1,金柑,長實金柑,宜蘭縣,礁溪鄉
1,金柑,長實金柑,宜蘭縣,員山鄉
1,金柑,長實金柑,宜蘭縣,冬山鄉
2,番荔枝,大麟種、軟枝種,台南市,歸仁區
2,番荔枝,大麟種、軟枝種,台東縣,太麻里鄉
2,番荔枝,大麟種、軟枝種,台東縣,卑南鄉
2,番荔枝,大麟種、軟枝種,台東縣,東河鄉
2,番荔枝,大麟種、軟枝種,台東縣,台東市
2,番荔枝,鳳梨釋迦,台東縣,台東市
2,番荔枝,鳳梨釋迦,台東縣,東河鄉
2,番荔枝,鳳梨釋迦,台東縣,卑南鄉
2,番荔枝,鳳梨釋迦,台東縣,太麻里鄉
2,枇杷,茂木種,台中市,新社區
2,枇杷,茂木種,台中市,太平區
2,楊桃,馬來種、二林種、秤錘種、青乾種、紅龍、台農2號,苗栗縣,卓蘭鎮
2,楊桃,馬來種、二林種、秤錘種、青乾種、紅龍、台農2號,台南市,楠西區
2,楊桃,馬來種、二林種、秤錘種、青乾種、紅龍、台農2號,屏東縣,里港鄉
2,番石榴,珍珠種、世紀種,彰化縣,溪州鄉
2,番石榴,珍珠種、世紀種,彰化縣,社頭鄉
2,番石榴,珍珠種、世紀種,台南市,楠西區
2,番石榴,珍珠種、世紀種,台南市,玉井區
2,番石榴,珍珠種、世紀種,高雄市,大社區
2,番石榴,珍珠種、世紀種,高雄市,燕巢區
2,番石榴,珍珠種、世紀種,高雄市,阿蓮區
2,柳橙,,南投縣,中寮鄉
2,柳橙,,雲林縣,斗南鎮
2,柳橙,,雲林縣,古坑鄉
2,柳橙,,嘉義縣,梅山鄉
2,柳橙,,嘉義縣,番路鄉
2,柳橙,,嘉義縣,民雄鄉
2,柳橙,,嘉義縣,中埔鄉
2,柳橙,,嘉義縣,竹崎鄉
2,柳橙,,嘉義縣,大林鎮
2,柳橙,,台南市,南化區
2,柳橙,,台南市,官田區
2,柳橙,,台南市,六甲區
2,柳橙,,台南市,大內區
2,柳橙,,台南市,白河區
2,蓮霧,粉紅種及大粒種,高雄市,六龜區
2,蓮霧,粉紅種及大粒種,屏東縣,新埤鄉
2,蓮霧,粉紅種及大粒種,屏東縣,林邊鄉
2,蓮霧,粉紅種及大粒種,屏東縣,南州鄉
2,蓮霧,粉紅種及大粒種,屏東縣,枋寮鄉
2,蓮霧,粉紅種及大粒種,屏東縣,佳冬鄉
2,蓮霧,粉紅種及大粒種,屏東縣,鹽埔鄉
2,蓮霧,粉紅種及大粒種,屏東縣,高樹鄉
2,蓮霧,粉紅種及大粒種,屏東縣,長治鄉
2,蓮霧,粉紅種及大粒種,屏東縣,麟洛鄉
2,蓮霧,粉紅種及大粒種,屏東縣,潮州鎮
2,蓮霧,粉紅種及大粒種,屏東縣,內埔鄉
2,香蕉,北蕉及新北蕉,南投縣,南投市
2,香蕉,北蕉及新北蕉,南投縣,國姓鄉
2,香蕉,北蕉及新北蕉,南投縣,中寮鄉
2,香蕉,北蕉及新北蕉,南投縣,水里鄉
2,香蕉,北蕉及新北蕉,高雄市,美濃區
2,香蕉,北蕉及新北蕉,高雄市,旗山區
2,香蕉,北蕉及新北蕉,屏東縣,高樹鄉
2,香蕉,北蕉及新北蕉,屏東縣,新埤鄉
2,香蕉,北蕉及新北蕉,屏東縣,里港鄉
2,木瓜,台農2號,南投縣,草屯鎮
2,木瓜,台農2號,雲林縣,林內鄉
2,木瓜,台農2號,嘉義縣,中埔鄉
2,木瓜,台農2號,台南市,大內區
2,木瓜,台農2號,台南市,南化區
2,木瓜,台農2號,台南市,楠西區
2,木瓜,台農2號,台南市,玉井區
2,木瓜,台農2號,高雄市,美濃區
2,木瓜,台農2號,屏東縣,新埤鄉
2,木瓜,台農2號,屏東縣,高樹鄉
2,木瓜,台農2號,屏東縣,萬巒鄉
2,木瓜,台農2號,屏東縣,長治鄉
2,桶柑,,新北市,三峽區
2,桶柑,,新北市,新店區
2,桶柑,,新竹縣,峨眉鄉
2,桶柑,,台中市,和平區
2,印度棗,蜜棗、台農1號、翠蜜、天蜜、高雄2號、高雄3號,台南市,玉井區
2,印度棗,蜜棗、台農1號、翠蜜、天蜜、高雄2號、高雄3號,台南市,南化區
2,印度棗,蜜棗、台農1號、翠蜜、天蜜、高雄2號、高雄3號,高雄市,阿蓮區
2,印度棗,蜜棗、台農1號、翠蜜、天蜜、高雄2號、高雄3號,高雄市,岡山區
2,印度棗,蜜棗、台農1號、翠蜜、天蜜、高雄2號、高雄3號,高雄市,大社區
2,印度棗,蜜棗、台農1號、翠蜜、天蜜、高雄2號、高雄3號,屏東縣,燕巢區
2,印度棗,蜜棗、台農1號、翠蜜、天蜜、高雄2號、高雄3號,屏東縣,鹽埔鄉
2,印度棗,蜜棗、台農1號、翠蜜、天蜜、高雄2號、高雄3號,屏東縣,高樹鄉
2,印度棗,蜜棗、台農1號、翠蜜、天蜜、高雄2號、高雄3號,屏東縣,里港鄉
2,茂谷柑,,台中市,東勢區
2,茂谷柑,,南投縣,水里鄉
2,茂谷柑,,雲林縣,古坑鄉
2,茂谷柑,,雲林縣,斗六市
2,茂谷柑,,嘉義縣,梅山鄉
2,茂谷柑,,嘉義縣,竹崎鄉
2,海梨柑,,新竹縣,新埔鎮
2,海梨柑,,新竹縣,橫山鄉
2,海梨柑,,新竹縣,芎林鄉
2,海梨柑,,新竹縣,關西鎮
2,海梨柑,,苗栗縣,卓蘭鎮
2,葡萄,巨峰,苗栗縣,卓蘭鎮
2,葡萄,巨峰,台中市,東勢區
2,葡萄,巨峰,台中市,新社區
2,葡萄,巨峰,台中市,豐原區
2,葡萄,巨峰,台中市,石岡區
2,葡萄,巨峰,彰化縣,溪湖鎮
2,葡萄,巨峰,彰化縣,大村鄉
2,葡萄,巨峰,彰化縣,埔心鄉
2,葡萄,巨峰,彰化縣,員林鎮
2,葡萄,巨峰,南投縣,水里鄉
2,葡萄,巨峰,南投縣,信義鄉
2,葡萄,巨峰,南投縣,竹山鎮
2,金柑,長實金柑,彰化縣,二林鎮
2,金柑,長實金柑,宜蘭縣,冬山鄉
2,金柑,長實金柑,宜蘭縣,員山鄉
2,金柑,長實金柑,宜蘭縣,礁溪鄉
3,番荔枝,大麟種、軟枝種,台南市,歸仁區
3,番荔枝,大麟種、軟枝種,台東縣,太麻里鄉
3,番荔枝,大麟種、軟枝種,台東縣,卑南鄉
3,番荔枝,大麟種、軟枝種,台東縣,東河鄉
3,番荔枝,大麟種、軟枝種,台東縣,台東市
3,番荔枝,鳳梨釋迦,台東縣,台東市
3,番荔枝,鳳梨釋迦,台東縣,東河鄉
3,番荔枝,鳳梨釋迦,台東縣,卑南鄉
3,番荔枝,鳳梨釋迦,台東縣,太麻里鄉
3,枇杷,茂木種,台中市,新社區
3,枇杷,茂木種,台中市,太平區
3,楊桃,馬來種、二林種、秤錘種、青乾種、紅龍、台農2號,苗栗縣,卓蘭鎮
3,楊桃,馬來種、二林種、秤錘種、青乾種、紅龍、台農2號,台南市,楠西區
3,楊桃,馬來種、二林種、秤錘種、青乾種、紅龍、台農2號,屏東縣,里港鄉
3,番石榴,珍珠種、世紀種,彰化縣,溪州鄉
3,番石榴,珍珠種、世紀種,彰化縣,社頭鄉
3,番石榴,珍珠種、世紀種,台南市,楠西區
3,番石榴,珍珠種、世紀種,台南市,玉井區
3,番石榴,珍珠種、世紀種,高雄市,大社區
3,番石榴,珍珠種、世紀種,高雄市,阿蓮區
3,番石榴,珍珠種、世紀種,高雄市,燕巢區
3,椰子,高幹晚生及低幹早生,高雄市,旗山區
3,椰子,高幹晚生及低幹早生,高雄市,美濃區
3,椰子,高幹晚生及低幹早生,屏東縣,恆春鎮
3,椰子,高幹晚生及低幹早生,屏東縣,高樹鄉
3,椰子,高幹晚生及低幹早生,屏東縣,鹽埔鄉
3,椰子,高幹晚生及低幹早生,屏東縣,長治鄉
3,椰子,高幹晚生及低幹早生,台東縣,太麻里鄉
3,椰子,高幹晚生及低幹早生,台東縣,東河鄉
3,椰子,高幹晚生及低幹早生,台東縣,成功鄉
3,椰子,高幹晚生及低幹早生,台東縣,卑南鄉
3,蓮霧,粉紅種及大粒種,高雄市,六龜區
3,蓮霧,粉紅種及大粒種,屏東縣,麟洛鄉
3,蓮霧,粉紅種及大粒種,屏東縣,長治鄉
3,蓮霧,粉紅種及大粒種,屏東縣,潮州鎮
3,蓮霧,粉紅種及大粒種,屏東縣,內埔鄉
3,蓮霧,粉紅種及大粒種,屏東縣,高樹鄉
3,蓮霧,粉紅種及大粒種,屏東縣,鹽埔鄉
3,蓮霧,粉紅種及大粒種,屏東縣,新埤鄉
3,蓮霧,粉紅種及大粒種,屏東縣,南州鄉
3,蓮霧,粉紅種及大粒種,屏東縣,林邊鄉
3,蓮霧,粉紅種及大粒種,屏東縣,佳冬鄉
3,蓮霧,粉紅種及大粒種,屏東縣,枋寮鄉
3,香蕉,北蕉及新北蕉,南投縣,國姓鄉
3,香蕉,北蕉及新北蕉,南投縣,中寮鄉
3,香蕉,北蕉及新北蕉,南投縣,水里鄉
3,香蕉,北蕉及新北蕉,南投縣,南投市
3,香蕉,北蕉及新北蕉,高雄市,美濃區
3,香蕉,北蕉及新北蕉,高雄市,旗山區
3,香蕉,北蕉及新北蕉,屏東縣,新埤鄉
3,香蕉,北蕉及新北蕉,屏東縣,高樹鄉
3,香蕉,北蕉及新北蕉,屏東縣,里港鄉
3,木瓜,台農2號,南投縣,草屯鎮
3,木瓜,台農2號,雲林縣,林內鄉
3,木瓜,台農2號,嘉義縣,中埔鄉
3,木瓜,台農2號,台南市,大內區
3,木瓜,台農2號,台南市,玉井區
3,木瓜,台農2號,台南市,南化區
3,木瓜,台農2號,台南市,楠西區
3,木瓜,台農2號,高雄市,美濃區
3,木瓜,台農2號,屏東縣,高樹鄉
3,木瓜,台農2號,屏東縣,萬巒鄉
3,木瓜,台農2號,屏東縣,長治鄉
3,木瓜,台農2號,屏東縣,新埤鄉
3,鳳梨,"台農4,6,13,17號",高雄市,大樹區
3,鳳梨,"台農4,6,13,17號",高雄市,大樹區
3,鳳梨,"台農4,6,13,17號",屏東縣,新埤鄉
3,鳳梨,"台農4,6,13,17號",屏東縣,新埤鄉
3,鳳梨,"台農4,6,13,17號",屏東縣,內埔鄉
3,鳳梨,"台農4,6,13,17號",屏東縣,萬巒鄉
3,鳳梨,"台農4,6,13,17號",屏東縣,萬巒鄉
3,鳳梨,"台農4,6,13,17號",屏東縣,內埔鄉
3,鳳梨,"台農4,6,13,17號",屏東縣,高樹鄉
3,鳳梨,"台農4,6,13,17號",屏東縣,高樹鄉
3,鳳梨,"台農11,16,18,19,20,21號及開英品種",高雄市,大樹區
3,鳳梨,"台農11,16,18,19,20,21號及開英品種",屏東縣,高樹鄉
3,鳳梨,"台農11,16,18,19,20,21號及開英品種",屏東縣,萬巒鄉
3,鳳梨,"台農11,16,18,19,20,21號及開英品種",屏東縣,內埔鄉
3,鳳梨,"台農11,16,18,19,20,21號及開英品種",屏東縣,新埤鄉
3,桶柑,,新北市,三峽區
3,桶柑,,新北市,新店區
3,桶柑,,新竹縣,峨眉鄉
3,桶柑,,台中市,和平區
3,印度棗,蜜棗、台農1號、翠蜜、天蜜、高雄2號、高雄3號,台南市,玉井區
3,印度棗,蜜棗、台農1號、翠蜜、天蜜、高雄2號、高雄3號,台南市,南化區
3,印度棗,蜜棗、台農1號、翠蜜、天蜜、高雄2號、高雄3號,高雄市,大社區
3,印度棗,蜜棗、台農1號、翠蜜、天蜜、高雄2號、高雄3號,高雄市,岡山區
3,印度棗,蜜棗、台農1號、翠蜜、天蜜、高雄2號、高雄3號,高雄市,阿蓮區
3,印度棗,蜜棗、台農1號、翠蜜、天蜜、高雄2號、高雄3號,屏東縣,燕巢區
3,印度棗,蜜棗、台農1號、翠蜜、天蜜、高雄2號、高雄3號,屏東縣,鹽埔鄉
3,印度棗,蜜棗、台農1號、翠蜜、天蜜、高雄2號、高雄3號,屏東縣,高樹鄉
3,印度棗,蜜棗、台農1號、翠蜜、天蜜、高雄2號、高雄3號,屏東縣,里港鄉
3,海梨柑,,新竹縣,關西鎮
3,海梨柑,,新竹縣,芎林鄉
3,海梨柑,,新竹縣,橫山鄉
3,海梨柑,,新竹縣,新埔鎮
3,海梨柑,,苗栗縣,卓蘭鎮
3,青梅,桃形梅、胭脂梅、長藤、萬山,台中市,和平區
3,青梅,桃形梅、胭脂梅、長藤、萬山,南投縣,信義鄉
3,青梅,桃形梅、胭脂梅、長藤、萬山,南投縣,水里鄉
3,青梅,桃形梅、胭脂梅、長藤、萬山,南投縣,中寮鄉
3,青梅,桃形梅、胭脂梅、長藤、萬山,南投縣,仁愛鄉
3,青梅,桃形梅、胭脂梅、長藤、萬山,南投縣,國姓鄉
3,青梅,桃形梅、胭脂梅、長藤、萬山,台南市,楠西區
3,青梅,桃形梅、胭脂梅、長藤、萬山,高雄市,那瑪夏區
3,青梅,桃形梅、胭脂梅、長藤、萬山,高雄市,六龜區
3,青梅,桃形梅、胭脂梅、長藤、萬山,高雄市,甲仙區
3,青梅,桃形梅、胭脂梅、長藤、萬山,高雄市,桃源區
3,青梅,桃形梅、胭脂梅、長藤、萬山,台東縣,海端鄉
3,青梅,桃形梅、胭脂梅、長藤、萬山,台東縣,池上鄉
3,青梅,桃形梅、胭脂梅、長藤、萬山,台東縣,東河鄉
3,青梅,桃形梅、胭脂梅、長藤、萬山,台東縣,卑南鄉
3,青梅,桃形梅、胭脂梅、長藤、萬山,台東縣,延平鄉
3,青梅,桃形梅、胭脂梅、長藤、萬山,花蓮縣,富里鄉
4,芒果,在來種,台南市,大內區
4,芒果,在來種,台南市,玉井區
4,芒果,在來種,台南市,楠西區
4,芒果,在來種,台南市,南化區
4,芒果,在來種,屏東縣,新埤鄉
4,芒果,在來種,屏東縣,高樹鄉
4,芒果,在來種,屏東縣,鹽埔鄉
4,枇杷,茂木種,台中市,新社區
4,枇杷,茂木種,台中市,太平區
4,楊桃,馬來種、二林種、秤錘種、青乾種、紅龍、台農2號,苗栗縣,卓蘭鎮
4,楊桃,馬來種、二林種、秤錘種、青乾種、紅龍、台農2號,台南市,楠西區
4,楊桃,馬來種、二林種、秤錘種、青乾種、紅龍、台農2號,屏東縣,里港鄉
4,番石榴,珍珠種、世紀種,彰化縣,社頭鄉
4,番石榴,珍珠種、世紀種,彰化縣,溪州鄉
4,番石榴,珍珠種、世紀種,台南市,楠西區
4,番石榴,珍珠種、世紀種,台南市,玉井區
4,番石榴,珍珠種、世紀種,高雄市,大社區
4,番石榴,珍珠種、世紀種,高雄市,燕巢區
4,番石榴,珍珠種、世紀種,高雄市,阿蓮區
4,椰子,高幹晚生及低幹早生,高雄市,旗山區
4,椰子,高幹晚生及低幹早生,高雄市,美濃區
4,椰子,高幹晚生及低幹早生,屏東縣,恆春鎮
4,椰子,高幹晚生及低幹早生,屏東縣,鹽埔鄉
4,椰子,高幹晚生及低幹早生,屏東縣,高樹鄉
4,椰子,高幹晚生及低幹早生,屏東縣,長治鄉
4,椰子,高幹晚生及低幹早生,台東縣,太麻里鄉
4,椰子,高幹晚生及低幹早生,台東縣,成功鄉
4,椰子,高幹晚生及低幹早生,台東縣,東河鄉
4,椰子,高幹晚生及低幹早生,台東縣,卑南鄉
4,蓮霧,粉紅種及大粒種,高雄市,六龜區
4,蓮霧,粉紅種及大粒種,屏東縣,麟洛鄉
4,蓮霧,粉紅種及大粒種,屏東縣,長治鄉
4,蓮霧,粉紅種及大粒種,屏東縣,內埔鄉
4,蓮霧,粉紅種及大粒種,屏東縣,潮州鎮
4,蓮霧,粉紅種及大粒種,屏東縣,高樹鄉
4,蓮霧,粉紅種及大粒種,屏東縣,鹽埔鄉
4,蓮霧,粉紅種及大粒種,屏東縣,枋寮鄉
4,蓮霧,粉紅種及大粒種,屏東縣,佳冬鄉
4,蓮霧,粉紅種及大粒種,屏東縣,林邊鄉
4,蓮霧,粉紅種及大粒種,屏東縣,南州鄉
4,蓮霧,粉紅種及大粒種,屏東縣,新埤鄉
4,香蕉,北蕉及新北蕉,南投縣,水里鄉
4,香蕉,北蕉及新北蕉,南投縣,國姓鄉
4,香蕉,北蕉及新北蕉,南投縣,南投市
4,香蕉,北蕉及新北蕉,南投縣,中寮鄉
4,香蕉,北蕉及新北蕉,高雄市,美濃區
4,香蕉,北蕉及新北蕉,高雄市,旗山區
4,香蕉,北蕉及新北蕉,屏東縣,新埤鄉
4,香蕉,北蕉及新北蕉,屏東縣,高樹鄉
4,香蕉,北蕉及新北蕉,屏東縣,里港鄉
4,木瓜,台農2號,南投縣,草屯鎮
4,木瓜,台農2號,雲林縣,林內鄉
4,木瓜,台農2號,嘉義縣,中埔鄉
4,木瓜,台農2號,台南市,大內區
4,木瓜,台農2號,台南市,玉井區
4,木瓜,台農2號,台南市,楠西區
4,木瓜,台農2號,台南市,南化區
4,木瓜,台農2號,高雄市,美濃區
4,木瓜,台農2號,屏東縣,高樹鄉
4,木瓜,台農2號,屏東縣,萬巒鄉
4,木瓜,台農2號,屏東縣,長治鄉
4,木瓜,台農2號,屏東縣,新埤鄉
4,鳳梨,"台農4,6,13,17號",高雄市,大樹區
4,鳳梨,"台農4,6,13,17號",高雄市,大樹區
4,鳳梨,"台農4,6,13,17號",屏東縣,新埤鄉
4,鳳梨,"台農4,6,13,17號",屏東縣,新埤鄉
4,鳳梨,"台農4,6,13,17號",屏東縣,萬巒鄉
4,鳳梨,"台農4,6,13,17號",屏東縣,內埔鄉
4,鳳梨,"台農4,6,13,17號",屏東縣,高樹鄉
4,鳳梨,"台農4,6,13,17號",屏東縣,內埔鄉
4,鳳梨,"台農4,6,13,17號",屏東縣,萬巒鄉
4,鳳梨,"台農4,6,13,17號",屏東縣,高樹鄉
4,鳳梨,"台農11,16,18,19,20,21號及開英品種",高雄市,大樹區
4,鳳梨,"台農11,16,18,19,20,21號及開英品種",屏東縣,高樹鄉
4,鳳梨,"台農11,16,18,19,20,21號及開英品種",屏東縣,萬巒鄉
4,鳳梨,"台農11,16,18,19,20,21號及開英品種",屏東縣,內埔鄉
4,鳳梨,"台農11,16,18,19,20,21號及開英品種",屏東縣,新埤鄉
4,甜蜜桃,台農1號,苗栗縣,大湖鄉
4,甜蜜桃,台農1號,苗栗縣,卓蘭鎮
4,甜蜜桃,台農1號,台中市,新社區
4,甜蜜桃,台農1號,台中市,石岡區
4,甜蜜桃,台農1號,台中市,東勢區
4,青梅,桃形梅、胭脂梅、長藤、萬山,台中市,和平區
4,青梅,桃形梅、胭脂梅、長藤、萬山,南投縣,中寮鄉
4,青梅,桃形梅、胭脂梅、長藤、萬山,南投縣,國姓鄉
4,青梅,桃形梅、胭脂梅、長藤、萬山,南投縣,仁愛鄉
4,青梅,桃形梅、胭脂梅、長藤、萬山,南投縣,水里鄉
4,青梅,桃形梅、胭脂梅、長藤、萬山,南投縣,信義鄉
4,青梅,桃形梅、胭脂梅、長藤、萬山,台南市,楠西區
4,青梅,桃形梅、胭脂梅、長藤、萬山,高雄市,那瑪夏區
4,青梅,桃形梅、胭脂梅、長藤、萬山,高雄市,六龜區
4,青梅,桃形梅、胭脂梅、長藤、萬山,高雄市,甲仙區
4,青梅,桃形梅、胭脂梅、長藤、萬山,高雄市,桃源區
4,青梅,桃形梅、胭脂梅、長藤、萬山,台東縣,東河鄉
4,青梅,桃形梅、胭脂梅、長藤、萬山,台東縣,池上鄉
4,青梅,桃形梅、胭脂梅、長藤、萬山,台東縣,海端鄉
4,青梅,桃形梅、胭脂梅、長藤、萬山,台東縣,卑南鄉
4,青梅,桃形梅、胭脂梅、長藤、萬山,台東縣,延平鄉
4,青梅,桃形梅、胭脂梅、長藤、萬山,花蓮縣,富里鄉
5,芒果,在來種,台南市,大內區
5,芒果,在來種,台南市,玉井區
5,芒果,在來種,台南市,南化區
5,芒果,在來種,台南市,楠西區
5,芒果,在來種,屏東縣,新埤鄉
5,芒果,在來種,屏東縣,鹽埔鄉
5,芒果,在來種,屏東縣,高樹鄉
5,芒果,愛文、聖心、金煌、金興,台南市,楠西區
5,芒果,愛文、聖心、金煌、金興,台南市,玉井區
5,芒果,愛文、聖心、金煌、金興,台南市,大內區
5,芒果,愛文、聖心、金煌、金興,台南市,南化區
5,芒果,愛文、聖心、金煌、金興,台南市,官田區
5,芒果,愛文、聖心、金煌、金興,高雄市,六龜區
5,芒果,愛文、聖心、金煌、金興,屏東縣,枋寮鄉
5,芒果,愛文、聖心、金煌、金興,屏東縣,枋山鄉
5,枇杷,茂木種,台中市,新社區
5,枇杷,茂木種,台中市,太平區
5,高接梨,新興、豐水、幸水,苗栗縣,卓蘭鎮
5,高接梨,新興、豐水、幸水,苗栗縣,三灣鄉
5,高接梨,新興、豐水、幸水,苗栗縣,大湖鄉
5,高接梨,新興、豐水、幸水,台中市,后里區
5,高接梨,新興、豐水、幸水,台中市,石岡區
5,高接梨,新興、豐水、幸水,台中市,新社區
5,高接梨,新興、豐水、幸水,台中市,東勢區
5,高接梨,新興、豐水、幸水,嘉義縣,竹崎鄉
5,高接梨,新興、豐水、幸水,宜蘭縣,三星鄉
5,高接梨,新興、豐水、幸水,宜蘭縣,冬山鄉
5,番石榴,珍珠種、世紀種,彰化縣,溪州鄉
5,番石榴,珍珠種、世紀種,彰化縣,社頭鄉
5,番石榴,珍珠種、世紀種,台南市,楠西區
5,番石榴,珍珠種、世紀種,台南市,玉井區
5,番石榴,珍珠種、世紀種,高雄市,阿蓮區
5,番石榴,珍珠種、世紀種,高雄市,燕巢區
5,番石榴,珍珠種、世紀種,高雄市,大社區
5,水蜜桃,白鳳,桃園縣,復興鄉
5,水蜜桃,白鳳,新竹縣,五峰鄉
5,水蜜桃,白鳳,台中市,和平區
5,水蜜桃,白鳳,南投縣,仁愛鄉
5,椰子,高幹晚生及低幹早生,高雄市,旗山區
5,椰子,高幹晚生及低幹早生,高雄市,美濃區
5,椰子,高幹晚生及低幹早生,屏東縣,恆春鎮
5,椰子,高幹晚生及低幹早生,屏東縣,高樹鄉
5,椰子,高幹晚生及低幹早生,屏東縣,鹽埔鄉
5,椰子,高幹晚生及低幹早生,屏東縣,長治鄉
5,椰子,高幹晚生及低幹早生,台東縣,卑南鄉
5,椰子,高幹晚生及低幹早生,台東縣,太麻里鄉
5,椰子,高幹晚生及低幹早生,台東縣,成功鄉
5,椰子,高幹晚生及低幹早生,台東縣,東河鄉
5,荔枝,三月紅及玉荷包,高雄市,旗山區
5,荔枝,三月紅及玉荷包,高雄市,大樹區
5,蓮霧,粉紅種及大粒種,高雄市,六龜區
5,蓮霧,粉紅種及大粒種,屏東縣,麟洛鄉
5,蓮霧,粉紅種及大粒種,屏東縣,長治鄉
5,蓮霧,粉紅種及大粒種,屏東縣,內埔鄉
5,蓮霧,粉紅種及大粒種,屏東縣,潮州鎮
5,蓮霧,粉紅種及大粒種,屏東縣,鹽埔鄉
5,蓮霧,粉紅種及大粒種,屏東縣,高樹鄉
5,蓮霧,粉紅種及大粒種,屏東縣,枋寮鄉
5,蓮霧,粉紅種及大粒種,屏東縣,佳冬鄉
5,蓮霧,粉紅種及大粒種,屏東縣,新埤鄉
5,蓮霧,粉紅種及大粒種,屏東縣,南州鄉
5,蓮霧,粉紅種及大粒種,屏東縣,林邊鄉
5,香蕉,北蕉及新北蕉,南投縣,水里鄉
5,香蕉,北蕉及新北蕉,南投縣,國姓鄉
5,香蕉,北蕉及新北蕉,南投縣,中寮鄉
5,香蕉,北蕉及新北蕉,南投縣,南投市
5,香蕉,北蕉及新北蕉,高雄市,美濃區
5,香蕉,北蕉及新北蕉,高雄市,旗山區
5,香蕉,北蕉及新北蕉,屏東縣,新埤鄉
5,香蕉,北蕉及新北蕉,屏東縣,高樹鄉
5,香蕉,北蕉及新北蕉,屏東縣,里港鄉
5,木瓜,台農2號,南投縣,草屯鎮
5,木瓜,台農2號,雲林縣,林內鄉
5,木瓜,台農2號,嘉義縣,中埔鄉
5,木瓜,台農2號,台南市,南化區
5,木瓜,台農2號,台南市,大內區
5,木瓜,台農2號,台南市,玉井區
5,木瓜,台農2號,台南市,楠西區
5,木瓜,台農2號,高雄市,美濃區
5,木瓜,台農2號,屏東縣,高樹鄉
5,木瓜,台農2號,屏東縣,萬巒鄉
5,木瓜,台農2號,屏東縣,長治鄉
5,木瓜,台農2號,屏東縣,新埤鄉
5,鳳梨,"台農4,6,13,17號",嘉義縣,民雄鄉
5,鳳梨,"台農4,6,13,17號",台南市,新化區
5,鳳梨,"台農4,6,13,17號",台南市,關廟區
5,鳳梨,"台農4,6,13,17號",台南市,山上區
5,鳳梨,"台農4,6,13,17號",高雄市,大樹區
5,鳳梨,"台農4,6,13,17號",屏東縣,新埤鄉
5,鳳梨,"台農4,6,13,17號",屏東縣,內埔鄉
5,鳳梨,"台農4,6,13,17號",屏東縣,萬巒鄉
5,鳳梨,"台農4,6,13,17號",屏東縣,高樹鄉
5,鳳梨,"台農11,16,18,19,20,21號及開英品種",嘉義縣,民雄鄉
5,鳳梨,"台農11,16,18,19,20,21號及開英品種",台南市,關廟區
5,鳳梨,"台農11,16,18,19,20,21號及開英品種",台南市,山上區
5,鳳梨,"台農11,16,18,19,20,21號及開英品種",台南市,新化區
5,鳳梨,"台農11,16,18,19,20,21號及開英品種",高雄市,大樹區
5,鳳梨,"台農11,16,18,19,20,21號及開英品種",屏東縣,高樹鄉
5,鳳梨,"台農11,16,18,19,20,21號及開英品種",屏東縣,萬巒鄉
5,鳳梨,"台農11,16,18,19,20,21號及開英品種",屏東縣,內埔鄉
5,鳳梨,"台農11,16,18,19,20,21號及開英品種",屏東縣,新埤鄉
5,李,紅肉李、泰安李、沙連李、桃接李、杏菜李,苗栗縣,大湖鄉
5,李,紅肉李、泰安李、沙連李、桃接李、杏菜李,苗栗縣,泰安鄉
5,李,紅肉李、泰安李、沙連李、桃接李、杏菜李,苗栗縣,三義鄉
5,葡萄,巨峰,苗栗縣,卓蘭鎮
5,葡萄,巨峰,台中市,新社區
5,葡萄,巨峰,台中市,石岡區
5,葡萄,巨峰,台中市,東勢區
5,葡萄,巨峰,台中市,豐原區
5,葡萄,巨峰,彰化縣,員林鎮
5,葡萄,巨峰,彰化縣,埔心鄉
5,葡萄,巨峰,彰化縣,大村鄉
5,葡萄,巨峰,彰化縣,溪湖鎮
5,葡萄,巨峰,南投縣,竹山鎮
5,葡萄,巨峰,南投縣,信義鄉
5,葡萄,巨峰,南投縣,水里鄉
5,葡萄,蜜紅,彰化縣,埔心鄉
5,葡萄,蜜紅,彰化縣,大村鄉
5,甜蜜桃,台農1號,苗栗縣,大湖鄉
5,甜蜜桃,台農1號,苗栗縣,卓蘭鎮
5,甜蜜桃,台農1號,台中市,東勢區
5,甜蜜桃,台農1號,台中市,石岡區
5,甜蜜桃,台農1號,台中市,新社區
5,青梅,桃形梅、胭脂梅、長藤、萬山,台中市,和平區
5,青梅,桃形梅、胭脂梅、長藤、萬山,南投縣,信義鄉
5,青梅,桃形梅、胭脂梅、長藤、萬山,南投縣,水里鄉
5,青梅,桃形梅、胭脂梅、長藤、萬山,南投縣,中寮鄉
5,青梅,桃形梅、胭脂梅、長藤、萬山,南投縣,仁愛鄉
5,青梅,桃形梅、胭脂梅、長藤、萬山,南投縣,國姓鄉
5,青梅,桃形梅、胭脂梅、長藤、萬山,台南市,楠西區
5,青梅,桃形梅、胭脂梅、長藤、萬山,高雄市,那瑪夏區
5,青梅,桃形梅、胭脂梅、長藤、萬山,高雄市,六龜區
5,青梅,桃形梅、胭脂梅、長藤、萬山,高雄市,甲仙區
5,青梅,桃形梅、胭脂梅、長藤、萬山,高雄市,桃源區
5,青梅,桃形梅、胭脂梅、長藤、萬山,台東縣,海端鄉
5,青梅,桃形梅、胭脂梅、長藤、萬山,台東縣,池上鄉
5,青梅,桃形梅、胭脂梅、長藤、萬山,台東縣,東河鄉
5,青梅,桃形梅、胭脂梅、長藤、萬山,台東縣,卑南鄉
5,青梅,桃形梅、胭脂梅、長藤、萬山,台東縣,延平鄉
5,青梅,桃形梅、胭脂梅、長藤、萬山,花蓮縣,富里鄉
6,芒果,在來種,台南市,大內區
6,芒果,在來種,台南市,玉井區
6,芒果,在來種,台南市,楠西區
6,芒果,在來種,台南市,南化區
6,芒果,在來種,屏東縣,新埤鄉
6,芒果,在來種,屏東縣,鹽埔鄉
6,芒果,在來種,屏東縣,高樹鄉
6,芒果,愛文、聖心、金煌、金興,台南市,楠西區
6,芒果,愛文、聖心、金煌、金興,台南市,玉井區
6,芒果,愛文、聖心、金煌、金興,台南市,官田區
6,芒果,愛文、聖心、金煌、金興,台南市,南化區
6,芒果,愛文、聖心、金煌、金興,台南市,大內區
6,芒果,愛文、聖心、金煌、金興,高雄市,六龜區
6,芒果,愛文、聖心、金煌、金興,屏東縣,枋山鄉
6,芒果,愛文、聖心、金煌、金興,屏東縣,枋寮鄉
6,高接梨,新興、豐水、幸水,苗栗縣,卓蘭鎮
6,高接梨,新興、豐水、幸水,苗栗縣,三灣鄉
6,高接梨,新興、豐水、幸水,苗栗縣,大湖鄉
6,高接梨,新興、豐水、幸水,台中市,新社區
6,高接梨,新興、豐水、幸水,台中市,東勢區
6,高接梨,新興、豐水、幸水,台中市,石岡區
6,高接梨,新興、豐水、幸水,台中市,后里區
6,高接梨,新興、豐水、幸水,嘉義縣,竹崎鄉
6,高接梨,新興、豐水、幸水,宜蘭縣,冬山鄉
6,高接梨,新興、豐水、幸水,宜蘭縣,三星鄉
6,番石榴,珍珠種、世紀種,彰化縣,溪州鄉
6,番石榴,珍珠種、世紀種,彰化縣,社頭鄉
6,番石榴,珍珠種、世紀種,台南市,玉井區
6,番石榴,珍珠種、世紀種,台南市,楠西區
6,番石榴,珍珠種、世紀種,高雄市,大社區
6,番石榴,珍珠種、世紀種,高雄市,燕巢區
6,番石榴,珍珠種、世紀種,高雄市,阿蓮區
6,水蜜桃,白鳳,桃園縣,復興鄉
6,水蜜桃,白鳳,新竹縣,五峰鄉
6,水蜜桃,白鳳,台中市,和平區
6,水蜜桃,白鳳,南投縣,仁愛鄉
6,椰子,高幹晚生及低幹早生,高雄市,旗山區
6,椰子,高幹晚生及低幹早生,高雄市,美濃區
6,椰子,高幹晚生及低幹早生,屏東縣,恆春鎮
6,椰子,高幹晚生及低幹早生,屏東縣,高樹鄉
6,椰子,高幹晚生及低幹早生,屏東縣,鹽埔鄉
6,椰子,高幹晚生及低幹早生,屏東縣,長治鄉
6,椰子,高幹晚生及低幹早生,台東縣,太麻里鄉
6,椰子,高幹晚生及低幹早生,台東縣,卑南鄉
6,椰子,高幹晚生及低幹早生,台東縣,成功鄉
6,椰子,高幹晚生及低幹早生,台東縣,東河鄉
6,荔枝,三月紅及玉荷包,高雄市,旗山區
6,荔枝,三月紅及玉荷包,高雄市,大樹區
6,荔枝,黑葉,新竹市,香山區
6,荔枝,黑葉,台中市,神岡區
6,荔枝,黑葉,台中市,太平區
6,荔枝,黑葉,台中市,霧峰區
6,荔枝,黑葉,彰化縣,芬園鄉
6,荔枝,黑葉,彰化縣,彰化市
6,荔枝,黑葉,南投縣,草屯鎮
6,荔枝,黑葉,南投縣,南投市
6,荔枝,黑葉,嘉義縣,竹崎鄉
6,荔枝,黑葉,高雄市,大樹區
6,荔枝,黑葉,高雄市,旗山區
6,荔枝,黑葉,高雄市,杉林區
6,荔枝,糯米茲及淮荔,台中市,太平區
6,荔枝,糯米茲及淮荔,南投縣,南投市
6,荔枝,糯米茲及淮荔,南投縣,集集鎮
6,荔枝,糯米茲及淮荔,南投縣,水里鄉
6,香蕉,北蕉及新北蕉,南投縣,水里鄉
6,香蕉,北蕉及新北蕉,南投縣,中寮鄉
6,香蕉,北蕉及新北蕉,南投縣,國姓鄉
6,香蕉,北蕉及新北蕉,南投縣,南投市
6,香蕉,北蕉及新北蕉,高雄市,美濃區
6,香蕉,北蕉及新北蕉,高雄市,旗山區
6,香蕉,北蕉及新北蕉,屏東縣,高樹鄉
6,香蕉,北蕉及新北蕉,屏東縣,新埤鄉
6,香蕉,北蕉及新北蕉,屏東縣,里港鄉
6,木瓜,台農2號,南投縣,草屯鎮
6,木瓜,台農2號,雲林縣,林內鄉
6,木瓜,台農2號,嘉義縣,中埔鄉
6,木瓜,台農2號,台南市,大內區
6,木瓜,台農2號,台南市,玉井區
6,木瓜,台農2號,台南市,南化區
6,木瓜,台農2號,台南市,楠西區
6,木瓜,台農2號,高雄市,美濃區
6,木瓜,台農2號,屏東縣,新埤鄉
6,木瓜,台農2號,屏東縣,高樹鄉
6,木瓜,台農2號,屏東縣,長治鄉
6,木瓜,台農2號,屏東縣,萬巒鄉
6,鳳梨,"台農4,6,13,17號",彰化縣,芬園鄉
6,鳳梨,"台農4,6,13,17號",南投縣,名間鄉
6,鳳梨,"台農4,6,13,17號",雲林縣,古坑鄉
6,鳳梨,"台農4,6,13,17號",嘉義縣,民雄鄉
6,鳳梨,"台農4,6,13,17號",台南市,關廟區
6,鳳梨,"台農4,6,13,17號",台南市,山上區
6,鳳梨,"台農4,6,13,17號",台南市,新化區
6,鳳梨,"台農4,6,13,17號",高雄市,大樹區
6,鳳梨,"台農4,6,13,17號",屏東縣,萬巒鄉
6,鳳梨,"台農4,6,13,17號",屏東縣,內埔鄉
6,鳳梨,"台農4,6,13,17號",屏東縣,高樹鄉
6,鳳梨,"台農4,6,13,17號",屏東縣,新埤鄉
6,鳳梨,"台農11,16,18,19,20,21號及開英品種",彰化縣,芬園鄉
6,鳳梨,"台農11,16,18,19,20,21號及開英品種",南投縣,名間鄉
6,鳳梨,"台農11,16,18,19,20,21號及開英品種",雲林縣,古坑鄉
6,鳳梨,"台農11,16,18,19,20,21號及開英品種",嘉義縣,民雄鄉
6,鳳梨,"台農11,16,18,19,20,21號及開英品種",台南市,新化區
6,鳳梨,"台農11,16,18,19,20,21號及開英品種",台南市,山上區
6,鳳梨,"台農11,16,18,19,20,21號及開英品種",台南市,關廟區
6,鳳梨,"台農11,16,18,19,20,21號及開英品種",高雄市,大樹區
6,鳳梨,"台農11,16,18,19,20,21號及開英品種",屏東縣,高樹鄉
6,鳳梨,"台農11,16,18,19,20,21號及開英品種",屏東縣,萬巒鄉
6,鳳梨,"台農11,16,18,19,20,21號及開英品種",屏東縣,內埔鄉
6,鳳梨,"台農11,16,18,19,20,21號及開英品種",屏東縣,新埤鄉
6,李,紅肉李、泰安李、沙連李、桃接李、杏菜李,苗栗縣,大湖鄉
6,李,紅肉李、泰安李、沙連李、桃接李、杏菜李,苗栗縣,泰安鄉
6,李,紅肉李、泰安李、沙連李、桃接李、杏菜李,苗栗縣,三義鄉
6,葡萄,巨峰,苗栗縣,卓蘭鎮
6,葡萄,巨峰,台中市,豐原區
6,葡萄,巨峰,台中市,石岡區
6,葡萄,巨峰,台中市,東勢區
6,葡萄,巨峰,台中市,新社區
6,葡萄,巨峰,彰化縣,員林鎮
6,葡萄,巨峰,彰化縣,埔心鄉
6,葡萄,巨峰,彰化縣,溪湖鎮
6,葡萄,巨峰,彰化縣,大村鄉
6,葡萄,巨峰,南投縣,竹山鎮
6,葡萄,巨峰,南投縣,水里鄉
6,葡萄,巨峰,南投縣,信義鄉
6,葡萄,蜜紅,彰化縣,大村鄉
6,葡萄,蜜紅,彰化縣,埔心鄉
6,酪梨,嘉選1號、嘉選2號、嘉選3號、嘉選4號、清進1號、清進2號、章安、秋可得、厚兒,台南市,麻豆區
6,酪梨,嘉選1號、嘉選2號、嘉選3號、嘉選4號、清進1號、清進2號、章安、秋可得、厚兒,台南市,佳里區
6,酪梨,嘉選1號、嘉選2號、嘉選3號、嘉選4號、清進1號、清進2號、章安、秋可得、厚兒,台南市,大內區
7,芒果,愛文、聖心、金煌、金興,台南市,大內區
7,芒果,愛文、聖心、金煌、金興,台南市,官田區
7,芒果,愛文、聖心、金煌、金興,台南市,南化區
7,芒果,愛文、聖心、金煌、金興,台南市,玉井區
7,芒果,愛文、聖心、金煌、金興,台南市,楠西區
7,芒果,愛文、聖心、金煌、金興,高雄市,六龜區
7,芒果,愛文、聖心、金煌、金興,屏東縣,枋山鄉
7,芒果,愛文、聖心、金煌、金興,屏東縣,枋寮鄉
7,番荔枝,大麟種、軟枝種,台南市,歸仁區
7,番荔枝,大麟種、軟枝種,台東縣,太麻里鄉
7,番荔枝,大麟種、軟枝種,台東縣,東河鄉
7,番荔枝,大麟種、軟枝種,台東縣,台東市
7,番荔枝,大麟種、軟枝種,台東縣,卑南鄉
7,番荔枝,鳳梨釋迦,台東縣,台東市
7,番荔枝,鳳梨釋迦,台東縣,卑南鄉
7,番荔枝,鳳梨釋迦,台東縣,東河鄉
7,番荔枝,鳳梨釋迦,台東縣,太麻里鄉
7,龍眼,青殼、紅殼、粉殼,台中市,霧峰區
7,龍眼,青殼、紅殼、粉殼,台中市,太平區
7,龍眼,青殼、紅殼、粉殼,台中市,大里區
7,龍眼,青殼、紅殼、粉殼,南投縣,南投市
7,龍眼,青殼、紅殼、粉殼,南投縣,中寮鄉
7,龍眼,青殼、紅殼、粉殼,嘉義縣,竹崎鄉
7,龍眼,青殼、紅殼、粉殼,台南市,南化區
7,龍眼,青殼、紅殼、粉殼,台南市,龍崎區
7,龍眼,青殼、紅殼、粉殼,台南市,東山區
7,龍眼,青殼、紅殼、粉殼,台南市,六甲區
7,龍眼,青殼、紅殼、粉殼,台南市,楠西區
7,龍眼,青殼、紅殼、粉殼,高雄市,內門區
7,龍眼,青殼、紅殼、粉殼,高雄市,田寮區
7,楊桃,馬來種、二林種、秤錘種、青乾種、紅龍、台農2號,苗栗縣,卓蘭鎮
7,楊桃,馬來種、二林種、秤錘種、青乾種、紅龍、台農2號,台南市,楠西區
7,楊桃,馬來種、二林種、秤錘種、青乾種、紅龍、台農2號,屏東縣,里港鄉
7,高接梨,新興、豐水、幸水,苗栗縣,卓蘭鎮
7,高接梨,新興、豐水、幸水,苗栗縣,三灣鄉
7,高接梨,新興、豐水、幸水,苗栗縣,大湖鄉
7,高接梨,新興、豐水、幸水,台中市,后里區
7,高接梨,新興、豐水、幸水,台中市,石岡區
7,高接梨,新興、豐水、幸水,台中市,新社區
7,高接梨,新興、豐水、幸水,台中市,東勢區
7,高接梨,新興、豐水、幸水,嘉義縣,竹崎鄉
7,高接梨,新興、豐水、幸水,宜蘭縣,三星鄉
7,高接梨,新興、豐水、幸水,宜蘭縣,冬山鄉
7,番石榴,珍珠種、世紀種,彰化縣,溪州鄉
7,番石榴,珍珠種、世紀種,彰化縣,社頭鄉
7,番石榴,珍珠種、世紀種,台南市,楠西區
7,番石榴,珍珠種、世紀種,台南市,玉井區
7,番石榴,珍珠種、世紀種,高雄市,阿蓮區
7,番石榴,珍珠種、世紀種,高雄市,燕巢區
7,番石榴,珍珠種、世紀種,高雄市,大社區
7,水蜜桃,白鳳,桃園縣,復興鄉
7,水蜜桃,白鳳,新竹縣,五峰鄉
7,水蜜桃,白鳳,台中市,和平區
7,水蜜桃,白鳳,南投縣,仁愛鄉
7,椰子,高幹晚生及低幹早生,高雄市,旗山區
7,椰子,高幹晚生及低幹早生,高雄市,美濃區
7,椰子,高幹晚生及低幹早生,屏東縣,恆春鎮
7,椰子,高幹晚生及低幹早生,屏東縣,長治鄉
7,椰子,高幹晚生及低幹早生,屏東縣,高樹鄉
7,椰子,高幹晚生及低幹早生,屏東縣,鹽埔鄉
7,椰子,高幹晚生及低幹早生,台東縣,卑南鄉
7,椰子,高幹晚生及低幹早生,台東縣,成功鄉
7,椰子,高幹晚生及低幹早生,台東縣,東河鄉
7,椰子,高幹晚生及低幹早生,台東縣,太麻里鄉
7,荔枝,黑葉,新竹市,香山區
7,荔枝,黑葉,台中市,神岡區
7,荔枝,黑葉,台中市,霧峰區
7,荔枝,黑葉,台中市,太平區
7,荔枝,黑葉,彰化縣,芬園鄉
7,荔枝,黑葉,彰化縣,彰化市
7,荔枝,黑葉,南投縣,草屯鎮
7,荔枝,黑葉,南投縣,南投市
7,荔枝,黑葉,嘉義縣,竹崎鄉
7,荔枝,黑葉,高雄市,杉林區
7,荔枝,黑葉,高雄市,旗山區
7,荔枝,黑葉,高雄市,大樹區
7,荔枝,糯米茲及淮荔,台中市,太平區
7,荔枝,糯米茲及淮荔,南投縣,南投市
7,荔枝,糯米茲及淮荔,南投縣,集集鎮
7,荔枝,糯米茲及淮荔,南投縣,水里鄉
7,檸檬,,屏東縣,九如鄉
7,檸檬,,屏東縣,里港鄉
7,檸檬,,屏東縣,高樹鄉
7,香蕉,北蕉及新北蕉,南投縣,水里鄉
7,香蕉,北蕉及新北蕉,南投縣,中寮鄉
7,香蕉,北蕉及新北蕉,南投縣,國姓鄉
7,香蕉,北蕉及新北蕉,南投縣,南投市
7,香蕉,北蕉及新北蕉,高雄市,旗山區
7,香蕉,北蕉及新北蕉,高雄市,美濃區
7,香蕉,北蕉及新北蕉,屏東縣,高樹鄉
7,香蕉,北蕉及新北蕉,屏東縣,新埤鄉
7,香蕉,北蕉及新北蕉,屏東縣,里港鄉
7,木瓜,台農2號,南投縣,草屯鎮
7,木瓜,台農2號,雲林縣,林內鄉
7,木瓜,台農2號,嘉義縣,中埔鄉
7,木瓜,台農2號,台南市,大內區
7,木瓜,台農2號,台南市,南化區
7,木瓜,台農2號,台南市,玉井區
7,木瓜,台農2號,台南市,楠西區
7,木瓜,台農2號,高雄市,美濃區
7,木瓜,台農2號,屏東縣,新埤鄉
7,木瓜,台農2號,屏東縣,高樹鄉
7,木瓜,台農2號,屏東縣,長治鄉
7,木瓜,台農2號,屏東縣,萬巒鄉
7,鳳梨,"台農4,6,13,17號",彰化縣,芬園鄉
7,鳳梨,"台農4,6,13,17號",南投縣,名間鄉
7,鳳梨,"台農4,6,13,17號",雲林縣,古坑鄉
7,鳳梨,"台農4,6,13,17號",嘉義縣,民雄鄉
7,鳳梨,"台農4,6,13,17號",台南市,關廟區
7,鳳梨,"台農4,6,13,17號",台南市,山上區
7,鳳梨,"台農4,6,13,17號",台南市,新化區
7,鳳梨,"台農4,6,13,17號",高雄市,大樹區
7,鳳梨,"台農4,6,13,17號",屏東縣,萬巒鄉
7,鳳梨,"台農4,6,13,17號",屏東縣,內埔鄉
7,鳳梨,"台農4,6,13,17號",屏東縣,高樹鄉
7,鳳梨,"台農4,6,13,17號",屏東縣,新埤鄉
7,鳳梨,"台農11,16,18,19,20,21號及開英品種",彰化縣,芬園鄉
7,鳳梨,"台農11,16,18,19,20,21號及開英品種",南投縣,名間鄉
7,鳳梨,"台農11,16,18,19,20,21號及開英品種",雲林縣,古坑鄉
7,鳳梨,"台農11,16,18,19,20,21號及開英品種",嘉義縣,民雄鄉
7,鳳梨,"台農11,16,18,19,20,21號及開英品種",台南市,山上區
7,鳳梨,"台農11,16,18,19,20,21號及開英品種",台南市,關廟區
7,鳳梨,"台農11,16,18,19,20,21號及開英品種",台南市,新化區
7,鳳梨,"台農11,16,18,19,20,21號及開英品種",高雄市,大樹區
7,鳳梨,"台農11,16,18,19,20,21號及開英品種",屏東縣,新埤鄉
7,鳳梨,"台農11,16,18,19,20,21號及開英品種",屏東縣,高樹鄉
7,鳳梨,"台農11,16,18,19,20,21號及開英品種",屏東縣,內埔鄉
7,鳳梨,"台農11,16,18,19,20,21號及開英品種",屏東縣,萬巒鄉
7,葡萄,巨峰,苗栗縣,卓蘭鎮
7,葡萄,巨峰,台中市,豐原區
7,葡萄,巨峰,台中市,石岡區
7,葡萄,巨峰,台中市,東勢區
7,葡萄,巨峰,台中市,新社區
7,葡萄,巨峰,彰化縣,員林鎮
7,葡萄,巨峰,彰化縣,埔心鄉
7,葡萄,巨峰,彰化縣,大村鄉
7,葡萄,巨峰,彰化縣,溪湖鎮
7,葡萄,巨峰,南投縣,竹山鎮
7,葡萄,巨峰,南投縣,信義鄉
7,葡萄,巨峰,南投縣,水里鄉
7,葡萄,蜜紅,彰化縣,埔心鄉
7,葡萄,蜜紅,彰化縣,大村鄉
7,溫帶梨,20世紀、福壽、雪梨,台中市,和平區
7,溫帶梨,20世紀、福壽、雪梨,南投縣,仁愛鄉
7,酪梨,嘉選1號、嘉選2號、嘉選3號、嘉選4號、清進1號、清進2號、章安、秋可得、厚兒,台南市,麻豆區
7,酪梨,嘉選1號、嘉選2號、嘉選3號、嘉選4號、清進1號、清進2號、章安、秋可得、厚兒,台南市,佳里區
7,酪梨,嘉選1號、嘉選2號、嘉選3號、嘉選4號、清進1號、清進2號、章安、秋可得、厚兒,台南市,大內區
8,番荔枝,大麟種、軟枝種,台南市,歸仁區
8,番荔枝,大麟種、軟枝種,台東縣,太麻里鄉
8,番荔枝,大麟種、軟枝種,台東縣,東河鄉
8,番荔枝,大麟種、軟枝種,台東縣,台東市
8,番荔枝,大麟種、軟枝種,台東縣,卑南鄉
8,番荔枝,鳳梨釋迦,台東縣,台東市
8,番荔枝,鳳梨釋迦,台東縣,卑南鄉
8,番荔枝,鳳梨釋迦,台東縣,東河鄉
8,番荔枝,鳳梨釋迦,台東縣,太麻里鄉
8,龍眼,青殼、紅殼、粉殼,台中市,太平區
8,龍眼,青殼、紅殼、粉殼,台中市,大里區
8,龍眼,青殼、紅殼、粉殼,台中市,霧峰區
8,龍眼,青殼、紅殼、粉殼,南投縣,南投市
8,龍眼,青殼、紅殼、粉殼,南投縣,中寮鄉
8,龍眼,青殼、紅殼、粉殼,嘉義縣,竹崎鄉
8,龍眼,青殼、紅殼、粉殼,台南市,龍崎區
8,龍眼,青殼、紅殼、粉殼,台南市,六甲區
8,龍眼,青殼、紅殼、粉殼,台南市,東山區
8,龍眼,青殼、紅殼、粉殼,台南市,南化區
8,龍眼,青殼、紅殼、粉殼,台南市,楠西區
8,龍眼,青殼、紅殼、粉殼,高雄市,田寮區
8,龍眼,青殼、紅殼、粉殼,高雄市,內門區
8,楊桃,馬來種、二林種、秤錘種、青乾種、紅龍、台農2號,苗栗縣,卓蘭鎮
8,楊桃,馬來種、二林種、秤錘種、青乾種、紅龍、台農2號,台南市,楠西區
8,楊桃,馬來種、二林種、秤錘種、青乾種、紅龍、台農2號,屏東縣,里港鄉
8,高接梨,新興、豐水、幸水,苗栗縣,卓蘭鎮
8,高接梨,新興、豐水、幸水,苗栗縣,三灣鄉
8,高接梨,新興、豐水、幸水,苗栗縣,大湖鄉
8,高接梨,新興、豐水、幸水,台中市,石岡區
8,高接梨,新興、豐水、幸水,台中市,后里區
8,高接梨,新興、豐水、幸水,台中市,新社區
8,高接梨,新興、豐水、幸水,台中市,東勢區
8,高接梨,新興、豐水、幸水,嘉義縣,竹崎鄉
8,高接梨,新興、豐水、幸水,宜蘭縣,冬山鄉
8,高接梨,新興、豐水、幸水,宜蘭縣,三星鄉
8,番石榴,珍珠種、世紀種,彰化縣,溪州鄉
8,番石榴,珍珠種、世紀種,彰化縣,社頭鄉
8,番石榴,珍珠種、世紀種,台南市,楠西區
8,番石榴,珍珠種、世紀種,台南市,玉井區
8,番石榴,珍珠種、世紀種,高雄市,大社區
8,番石榴,珍珠種、世紀種,高雄市,燕巢區
8,番石榴,珍珠種、世紀種,高雄市,阿蓮區
8,文旦柚,麻豆文旦,苗栗縣,三義鄉
8,文旦柚,麻豆文旦,苗栗縣,西湖鄉
8,文旦柚,麻豆文旦,南投縣,中寮鄉
8,文旦柚,麻豆文旦,南投縣,名間鄉
8,文旦柚,麻豆文旦,雲林縣,斗六市
8,文旦柚,麻豆文旦,嘉義縣,竹崎鄉
8,文旦柚,麻豆文旦,台南市,大內區
8,文旦柚,麻豆文旦,台南市,麻豆區
8,文旦柚,麻豆文旦,台東縣,東河鄉
8,文旦柚,麻豆文旦,花蓮縣,壽豐鄉
8,文旦柚,麻豆文旦,花蓮縣,玉里鎮
8,文旦柚,麻豆文旦,花蓮縣,瑞穗鄉
8,文旦柚,麻豆文旦,花蓮縣,富里鄉
8,文旦柚,麻豆文旦,宜蘭縣,冬山鄉
8,檸檬,,屏東縣,里港鄉
8,檸檬,,屏東縣,九如鄉
8,檸檬,,屏東縣,高樹鄉
8,香蕉,北蕉及新北蕉,南投縣,水里鄉
8,香蕉,北蕉及新北蕉,南投縣,中寮鄉
8,香蕉,北蕉及新北蕉,南投縣,國姓鄉
8,香蕉,北蕉及新北蕉,南投縣,南投市
8,香蕉,北蕉及新北蕉,高雄市,美濃區
8,香蕉,北蕉及新北蕉,高雄市,旗山區
8,香蕉,北蕉及新北蕉,屏東縣,高樹鄉
8,香蕉,北蕉及新北蕉,屏東縣,新埤鄉
8,香蕉,北蕉及新北蕉,屏東縣,里港鄉
8,木瓜,台農2號,南投縣,草屯鎮
8,木瓜,台農2號,雲林縣,林內鄉
8,木瓜,台農2號,嘉義縣,中埔鄉
8,木瓜,台農2號,台南市,大內區
8,木瓜,台農2號,台南市,玉井區
8,木瓜,台農2號,台南市,楠西區
8,木瓜,台農2號,台南市,南化區
8,木瓜,台農2號,高雄市,美濃區
8,木瓜,台農2號,屏東縣,新埤鄉
8,木瓜,台農2號,屏東縣,高樹鄉
8,木瓜,台農2號,屏東縣,萬巒鄉
8,木瓜,台農2號,屏東縣,長治鄉
8,鳳梨,"台農4,6,13,17號",彰化縣,芬園鄉
8,鳳梨,"台農4,6,13,17號",南投縣,名間鄉
8,鳳梨,"台農4,6,13,17號",雲林縣,古坑鄉
8,鳳梨,"台農4,6,13,17號",嘉義縣,民雄鄉
8,鳳梨,"台農4,6,13,17號",台南市,關廟區
8,鳳梨,"台農4,6,13,17號",台南市,山上區
8,鳳梨,"台農4,6,13,17號",台南市,新化區
8,鳳梨,"台農11,16,18,19,20,21號及開英品種",彰化縣,芬園鄉
8,鳳梨,"台農11,16,18,19,20,21號及開英品種",南投縣,名間鄉
8,鳳梨,"台農11,16,18,19,20,21號及開英品種",雲林縣,古坑鄉
8,鳳梨,"台農11,16,18,19,20,21號及開英品種",嘉義縣,民雄鄉
8,鳳梨,"台農11,16,18,19,20,21號及開英品種",台南市,山上區
8,鳳梨,"台農11,16,18,19,20,21號及開英品種",台南市,關廟區
8,鳳梨,"台農11,16,18,19,20,21號及開英品種",台南市,新化區
8,葡萄,巨峰,苗栗縣,卓蘭鎮
8,葡萄,巨峰,台中市,新社區
8,葡萄,巨峰,台中市,石岡區
8,葡萄,巨峰,台中市,東勢區
8,葡萄,巨峰,台中市,豐原區
8,葡萄,巨峰,彰化縣,員林鎮
8,葡萄,巨峰,彰化縣,埔心鄉
8,葡萄,巨峰,彰化縣,溪湖鎮
8,葡萄,巨峰,彰化縣,大村鄉
8,葡萄,巨峰,南投縣,水里鄉
8,葡萄,巨峰,南投縣,信義鄉
8,葡萄,巨峰,南投縣,竹山鎮
8,溫帶梨,20世紀、福壽、雪梨,台中市,和平區
8,溫帶梨,20世紀、福壽、雪梨,南投縣,仁愛鄉
8,柿子,牛心柿(水柿),新竹縣,北埔鄉
8,柿子,牛心柿(水柿),新竹縣,峨眉鄉
8,柿子,牛心柿(水柿),苗栗縣,公館鄉
8,柿子,牛心柿(水柿),苗栗縣,大湖鄉
8,柿子,牛心柿(水柿),台中市,東勢區
8,柿子,牛心柿(水柿),台中市,新社區
8,柿子,牛心柿(水柿),台中市,豐原區
8,柿子,牛心柿(水柿),台中市,后里區
8,柿子,牛心柿(水柿),嘉義縣,番路鄉
8,柿子,四周柿(紅柿),新竹縣,北埔鄉
8,柿子,四周柿(紅柿),新竹縣,峨眉鄉
8,柿子,四周柿(紅柿),苗栗縣,大湖鄉
8,柿子,四周柿(紅柿),苗栗縣,公館鄉
8,柿子,四周柿(紅柿),台中市,豐原區
8,柿子,四周柿(紅柿),台中市,后里區
8,柿子,四周柿(紅柿),台中市,新社區
8,柿子,四周柿(紅柿),台中市,東勢區
8,柿子,四周柿(紅柿),嘉義縣,番路鄉
8,酪梨,嘉選1號、嘉選2號、嘉選3號、嘉選4號、清進1號、清進2號、章安、秋可得、厚兒,台南市,麻豆區
8,酪梨,嘉選1號、嘉選2號、嘉選3號、嘉選4號、清進1號、清進2號、章安、秋可得、厚兒,台南市,佳里區
8,酪梨,嘉選1號、嘉選2號、嘉選3號、嘉選4號、清進1號、清進2號、章安、秋可得、厚兒,台南市,大內區
9,芒果,凱特,台南市,南化區
9,芒果,凱特,台南市,楠西區
9,芒果,凱特,台南市,玉井區
9,芒果,凱特,高雄市,六龜區
9,楊桃,馬來種、二林種、秤錘種、青乾種、紅龍、台農2號,苗栗縣,卓蘭鎮
9,楊桃,馬來種、二林種、秤錘種、青乾種、紅龍、台農2號,台南市,楠西區
9,楊桃,馬來種、二林種、秤錘種、青乾種、紅龍、台農2號,屏東縣,里港鄉
9,番石榴,珍珠種、世紀種,彰化縣,社頭鄉
9,番石榴,珍珠種、世紀種,彰化縣,溪州鄉
9,番石榴,珍珠種、世紀種,台南市,楠西區
9,番石榴,珍珠種、世紀種,台南市,玉井區
9,番石榴,珍珠種、世紀種,高雄市,阿蓮區
9,番石榴,珍珠種、世紀種,高雄市,燕巢區
9,番石榴,珍珠種、世紀種,高雄市,大社區
9,文旦柚,麻豆文旦,苗栗縣,西湖鄉
9,文旦柚,麻豆文旦,苗栗縣,三義鄉
9,文旦柚,麻豆文旦,南投縣,名間鄉
9,文旦柚,麻豆文旦,南投縣,中寮鄉
9,文旦柚,麻豆文旦,雲林縣,斗六市
9,文旦柚,麻豆文旦,嘉義縣,竹崎鄉
9,文旦柚,麻豆文旦,台南市,麻豆區
9,文旦柚,麻豆文旦,台南市,大內區
9,文旦柚,麻豆文旦,台東縣,東河鄉
9,文旦柚,麻豆文旦,花蓮縣,壽豐鄉
9,文旦柚,麻豆文旦,花蓮縣,富里鄉
9,文旦柚,麻豆文旦,花蓮縣,瑞穗鄉
9,文旦柚,麻豆文旦,花蓮縣,玉里鎮
9,文旦柚,麻豆文旦,宜蘭縣,冬山鄉
9,檸檬,,屏東縣,九如鄉
9,檸檬,,屏東縣,里港鄉
9,檸檬,,屏東縣,高樹鄉
9,香蕉,北蕉及新北蕉,南投縣,中寮鄉
9,香蕉,北蕉及新北蕉,南投縣,國姓鄉
9,香蕉,北蕉及新北蕉,南投縣,水里鄉
9,香蕉,北蕉及新北蕉,南投縣,南投市
9,香蕉,北蕉及新北蕉,高雄市,美濃區
9,香蕉,北蕉及新北蕉,高雄市,旗山區
9,香蕉,北蕉及新北蕉,屏東縣,高樹鄉
9,香蕉,北蕉及新北蕉,屏東縣,新埤鄉
9,香蕉,北蕉及新北蕉,屏東縣,里港鄉
9,木瓜,台農2號,南投縣,草屯鎮
9,木瓜,台農2號,雲林縣,林內鄉
9,木瓜,台農2號,嘉義縣,中埔鄉
9,木瓜,台農2號,台南市,大內區
9,木瓜,台農2號,台南市,南化區
9,木瓜,台農2號,台南市,玉井區
9,木瓜,台農2號,台南市,楠西區
9,木瓜,台農2號,高雄市,美濃區
9,木瓜,台農2號,屏東縣,新埤鄉
9,木瓜,台農2號,屏東縣,高樹鄉
9,木瓜,台農2號,屏東縣,長治鄉
9,木瓜,台農2號,屏東縣,萬巒鄉
9,鳳梨,"台農4,6,13,17號",彰化縣,芬園鄉
9,鳳梨,"台農4,6,13,17號",南投縣,名間鄉
9,鳳梨,"台農4,6,13,17號",雲林縣,古坑鄉
9,鳳梨,"台農11,16,18,19,20,21號及開英品種",彰化縣,芬園鄉
9,鳳梨,"台農11,16,18,19,20,21號及開英品種",南投縣,名間鄉
9,鳳梨,"台農11,16,18,19,20,21號及開英品種",雲林縣,古坑鄉
9,葡萄柚,紅寶石、新紅寶石,嘉義縣,番路鄉
9,葡萄柚,紅寶石、新紅寶石,嘉義縣,竹崎鄉
9,葡萄柚,紅寶石、新紅寶石,嘉義縣,中埔鄉
9,葡萄,巨峰,苗栗縣,卓蘭鎮
9,葡萄,巨峰,台中市,新社區
9,葡萄,巨峰,台中市,豐原區
9,葡萄,巨峰,台中市,石岡區
9,葡萄,巨峰,台中市,東勢區
9,葡萄,巨峰,彰化縣,員林鎮
9,葡萄,巨峰,彰化縣,埔心鄉
9,葡萄,巨峰,彰化縣,大村鄉
9,葡萄,巨峰,彰化縣,溪湖鎮
9,葡萄,巨峰,南投縣,竹山鎮
9,葡萄,巨峰,南投縣,信義鄉
9,葡萄,巨峰,南投縣,水里鄉
9,溫帶梨,20世紀、福壽、雪梨,台中市,和平區
9,溫帶梨,20世紀、福壽、雪梨,南投縣,仁愛鄉
9,柿子,牛心柿(水柿),新竹縣,峨眉鄉
9,柿子,牛心柿(水柿),新竹縣,北埔鄉
9,柿子,牛心柿(水柿),苗栗縣,大湖鄉
9,柿子,牛心柿(水柿),苗栗縣,公館鄉
9,柿子,牛心柿(水柿),台中市,東勢區
9,柿子,牛心柿(水柿),台中市,新社區
9,柿子,牛心柿(水柿),台中市,后里區
9,柿子,牛心柿(水柿),台中市,豐原區
9,柿子,牛心柿(水柿),嘉義縣,番路鄉
9,柿子,四周柿(紅柿),新竹縣,峨眉鄉
9,柿子,四周柿(紅柿),新竹縣,北埔鄉
9,柿子,四周柿(紅柿),苗栗縣,大湖鄉
9,柿子,四周柿(紅柿),苗栗縣,公館鄉
9,柿子,四周柿(紅柿),台中市,后里區
9,柿子,四周柿(紅柿),台中市,豐原區
9,柿子,四周柿(紅柿),台中市,新社區
9,柿子,四周柿(紅柿),台中市,東勢區
9,柿子,四周柿(紅柿),嘉義縣,番路鄉
9,酪梨,嘉選1號、嘉選2號、嘉選3號、嘉選4號、清進1號、清進2號、章安、秋可得、厚兒,台南市,麻豆區
9,酪梨,嘉選1號、嘉選2號、嘉選3號、嘉選4號、清進1號、清進2號、章安、秋可得、厚兒,台南市,佳里區
9,酪梨,嘉選1號、嘉選2號、嘉選3號、嘉選4號、清進1號、清進2號、章安、秋可得、厚兒,台南市,大內區
10,椪柑,,苗栗縣,卓蘭鎮
10,椪柑,,台中市,東勢區
10,椪柑,,雲林縣,古坑鄉
10,椪柑,,嘉義縣,竹崎鄉
10,椪柑,,嘉義縣,梅山鄉
10,椪柑,,嘉義縣,番路鄉
10,椪柑,,台南市,東山區
10,楊桃,馬來種、二林種、秤錘種、青乾種、紅龍、台農2號,苗栗縣,卓蘭鎮
10,楊桃,馬來種、二林種、秤錘種、青乾種、紅龍、台農2號,台南市,楠西區
10,楊桃,馬來種、二林種、秤錘種、青乾種、紅龍、台農2號,屏東縣,里港鄉
10,番石榴,珍珠種、世紀種,彰化縣,社頭鄉
10,番石榴,珍珠種、世紀種,彰化縣,溪州鄉
10,番石榴,珍珠種、世紀種,台南市,楠西區
10,番石榴,珍珠種、世紀種,台南市,玉井區
10,番石榴,珍珠種、世紀種,高雄市,大社區
10,番石榴,珍珠種、世紀種,高雄市,燕巢區
10,番石榴,珍珠種、世紀種,高雄市,阿蓮區
10,柳橙,,南投縣,中寮鄉
10,柳橙,,雲林縣,古坑鄉
10,柳橙,,雲林縣,斗南鎮
10,柳橙,,嘉義縣,梅山鄉
10,柳橙,,嘉義縣,番路鄉
10,柳橙,,嘉義縣,民雄鄉
10,柳橙,,嘉義縣,大林鎮
10,柳橙,,嘉義縣,竹崎鄉
10,柳橙,,嘉義縣,中埔鄉
10,柳橙,,台南市,六甲區
10,柳橙,,台南市,白河區
10,柳橙,,台南市,大內區
10,柳橙,,台南市,官田區
10,柳橙,,台南市,南化區
10,香蕉,北蕉及新北蕉,南投縣,中寮鄉
10,香蕉,北蕉及新北蕉,南投縣,南投市
10,香蕉,北蕉及新北蕉,南投縣,水里鄉
10,香蕉,北蕉及新北蕉,南投縣,國姓鄉
10,香蕉,北蕉及新北蕉,高雄市,美濃區
10,香蕉,北蕉及新北蕉,高雄市,旗山區
10,香蕉,北蕉及新北蕉,屏東縣,新埤鄉
10,香蕉,北蕉及新北蕉,屏東縣,高樹鄉
10,香蕉,北蕉及新北蕉,屏東縣,里港鄉
10,木瓜,台農2號,南投縣,草屯鎮
10,木瓜,台農2號,雲林縣,林內鄉
10,木瓜,台農2號,嘉義縣,中埔鄉
10,木瓜,台農2號,台南市,大內區
10,木瓜,台農2號,台南市,楠西區
10,木瓜,台農2號,台南市,南化區
10,木瓜,台農2號,台南市,玉井區
10,木瓜,台農2號,高雄市,美濃區
10,木瓜,台農2號,屏東縣,高樹鄉
10,木瓜,台農2號,屏東縣,萬巒鄉
10,木瓜,台農2號,屏東縣,長治鄉
10,木瓜,台農2號,屏東縣,新埤鄉
10,鳳梨,"台農4,6,13,17號",彰化縣,芬園鄉
10,鳳梨,"台農4,6,13,17號",南投縣,名間鄉
10,鳳梨,"台農4,6,13,17號",雲林縣,古坑鄉
10,鳳梨,"台農11,16,18,19,20,21號及開英品種",彰化縣,芬園鄉
10,鳳梨,"台農11,16,18,19,20,21號及開英品種",南投縣,名間鄉
10,鳳梨,"台農11,16,18,19,20,21號及開英品種",雲林縣,古坑鄉
10,葡萄柚,紅寶石、新紅寶石,嘉義縣,番路鄉
10,葡萄柚,紅寶石、新紅寶石,嘉義縣,竹崎鄉
10,葡萄柚,紅寶石、新紅寶石,嘉義縣,中埔鄉
10,葡萄,巨峰,苗栗縣,卓蘭鎮
10,葡萄,巨峰,台中市,新社區
10,葡萄,巨峰,台中市,豐原區
10,葡萄,巨峰,台中市,石岡區
10,葡萄,巨峰,台中市,東勢區
10,葡萄,巨峰,彰化縣,員林鎮
10,葡萄,巨峰,彰化縣,埔心鄉
10,葡萄,巨峰,彰化縣,溪湖鎮
10,葡萄,巨峰,彰化縣,大村鄉
10,葡萄,巨峰,南投縣,水里鄉
10,葡萄,巨峰,南投縣,信義鄉
10,葡萄,巨峰,南投縣,竹山鎮
10,溫帶梨,20世紀、福壽、雪梨,台中市,和平區
10,溫帶梨,20世紀、福壽、雪梨,南投縣,仁愛鄉
10,柿子,甜柿,台中市,和平區
10,柿子,甜柿,台中市,東勢區
10,柿子,甜柿,嘉義縣,番路鄉
10,柿子,牛心柿(水柿),新竹縣,峨眉鄉
10,柿子,牛心柿(水柿),新竹縣,北埔鄉
10,柿子,牛心柿(水柿),苗栗縣,公館鄉
10,柿子,牛心柿(水柿),苗栗縣,大湖鄉
10,柿子,牛心柿(水柿),台中市,后里區
10,柿子,牛心柿(水柿),台中市,豐原區
10,柿子,牛心柿(水柿),台中市,東勢區
10,柿子,牛心柿(水柿),台中市,新社區
10,柿子,牛心柿(水柿),嘉義縣,番路鄉
10,柿子,四周柿(紅柿),新竹縣,北埔鄉
10,柿子,四周柿(紅柿),新竹縣,峨眉鄉
10,柿子,四周柿(紅柿),苗栗縣,大湖鄉
10,柿子,四周柿(紅柿),苗栗縣,公館鄉
10,柿子,四周柿(紅柿),台中市,新社區
10,柿子,四周柿(紅柿),台中市,東勢區
10,柿子,四周柿(紅柿),台中市,豐原區
10,柿子,四周柿(紅柿),台中市,后里區
10,柿子,四周柿(紅柿),嘉義縣,番路鄉
11,椪柑,,苗栗縣,卓蘭鎮
11,椪柑,,台中市,東勢區
11,椪柑,,雲林縣,古坑鄉
11,椪柑,,嘉義縣,番路鄉
11,椪柑,,嘉義縣,梅山鄉
11,椪柑,,嘉義縣,竹崎鄉
11,椪柑,,台南市,東山區
11,楊桃,馬來種、二林種、秤錘種、青乾種、紅龍、台農2號,苗栗縣,卓蘭鎮
11,楊桃,馬來種、二林種、秤錘種、青乾種、紅龍、台農2號,台南市,楠西區
11,楊桃,馬來種、二林種、秤錘種、青乾種、紅龍、台農2號,屏東縣,里港鄉
11,番石榴,珍珠種、世紀種,彰化縣,社頭鄉
11,番石榴,珍珠種、世紀種,彰化縣,溪州鄉
11,番石榴,珍珠種、世紀種,台南市,玉井區
11,番石榴,珍珠種、世紀種,台南市,楠西區
11,番石榴,珍珠種、世紀種,高雄市,阿蓮區
11,番石榴,珍珠種、世紀種,高雄市,燕巢區
11,番石榴,珍珠種、世紀種,高雄市,大社區
11,柳橙,,南投縣,中寮鄉
11,柳橙,,雲林縣,古坑鄉
11,柳橙,,雲林縣,斗南鎮
11,柳橙,,嘉義縣,梅山鄉
11,柳橙,,嘉義縣,番路鄉
11,柳橙,,嘉義縣,大林鎮
11,柳橙,,嘉義縣,民雄鄉
11,柳橙,,嘉義縣,中埔鄉
11,柳橙,,嘉義縣,竹崎鄉
11,柳橙,,台南市,六甲區
11,柳橙,,台南市,白河區
11,柳橙,,台南市,大內區
11,柳橙,,台南市,南化區
11,柳橙,,台南市,官田區
11,香蕉,北蕉及新北蕉,南投縣,中寮鄉
11,香蕉,北蕉及新北蕉,南投縣,南投市
11,香蕉,北蕉及新北蕉,南投縣,水里鄉
11,香蕉,北蕉及新北蕉,南投縣,國姓鄉
11,香蕉,北蕉及新北蕉,高雄市,美濃區
11,香蕉,北蕉及新北蕉,高雄市,旗山區
11,香蕉,北蕉及新北蕉,屏東縣,新埤鄉
11,香蕉,北蕉及新北蕉,屏東縣,高樹鄉
11,香蕉,北蕉及新北蕉,屏東縣,里港鄉
11,木瓜,台農2號,南投縣,草屯鎮
11,木瓜,台農2號,雲林縣,林內鄉
11,木瓜,台農2號,嘉義縣,中埔鄉
11,木瓜,台農2號,台南市,大內區
11,木瓜,台農2號,台南市,玉井區
11,木瓜,台農2號,台南市,楠西區
11,木瓜,台農2號,台南市,南化區
11,木瓜,台農2號,高雄市,美濃區
11,木瓜,台農2號,屏東縣,高樹鄉
11,木瓜,台農2號,屏東縣,長治鄉
11,木瓜,台農2號,屏東縣,萬巒鄉
11,木瓜,台農2號,屏東縣,新埤鄉
11,葡萄柚,紅寶石、新紅寶石,嘉義縣,竹崎鄉
11,葡萄柚,紅寶石、新紅寶石,嘉義縣,中埔鄉
11,葡萄柚,紅寶石、新紅寶石,嘉義縣,番路鄉
11,葡萄,巨峰,苗栗縣,卓蘭鎮
11,葡萄,巨峰,台中市,新社區
11,葡萄,巨峰,台中市,豐原區
11,葡萄,巨峰,台中市,石岡區
11,葡萄,巨峰,台中市,東勢區
11,葡萄,巨峰,彰化縣,員林鎮
11,葡萄,巨峰,彰化縣,埔心鄉
11,葡萄,巨峰,彰化縣,大村鄉
11,葡萄,巨峰,彰化縣,溪湖鎮
11,葡萄,巨峰,南投縣,竹山鎮
11,葡萄,巨峰,南投縣,信義鄉
11,葡萄,巨峰,南投縣,水里鄉
11,葡萄,蜜紅,彰化縣,大村鄉
11,葡萄,蜜紅,彰化縣,埔心鄉
11,柿子,甜柿,台中市,東勢區
11,柿子,甜柿,台中市,和平區
11,柿子,甜柿,嘉義縣,番路鄉
11,金柑,長實金柑,彰化縣,二林鎮
11,金柑,長實金柑,宜蘭縣,礁溪鄉
11,金柑,長實金柑,宜蘭縣,員山鄉
11,金柑,長實金柑,宜蘭縣,冬山鄉
12,椪柑,,苗栗縣,卓蘭鎮
12,椪柑,,台中市,東勢區
12,椪柑,,雲林縣,古坑鄉
12,椪柑,,嘉義縣,番路鄉
12,椪柑,,嘉義縣,竹崎鄉
12,椪柑,,嘉義縣,梅山鄉
12,椪柑,,台南市,東山區
12,番荔枝,大麟種、軟枝種,台南市,歸仁區
12,番荔枝,大麟種、軟枝種,台東縣,太麻里鄉
12,番荔枝,大麟種、軟枝種,台東縣,東河鄉
12,番荔枝,大麟種、軟枝種,台東縣,台東市
12,番荔枝,大麟種、軟枝種,台東縣,卑南鄉
12,番荔枝,鳳梨釋迦,台東縣,台東市
12,番荔枝,鳳梨釋迦,台東縣,卑南鄉
12,番荔枝,鳳梨釋迦,台東縣,東河鄉
12,番荔枝,鳳梨釋迦,台東縣,太麻里鄉
12,楊桃,馬來種、二林種、秤錘種、青乾種、紅龍、台農2號,苗栗縣,卓蘭鎮
12,楊桃,馬來種、二林種、秤錘種、青乾種、紅龍、台農2號,台南市,楠西區
12,楊桃,馬來種、二林種、秤錘種、青乾種、紅龍、台農2號,屏東縣,里港鄉
12,番石榴,珍珠種、世紀種,彰化縣,溪州鄉
12,番石榴,珍珠種、世紀種,彰化縣,社頭鄉
12,番石榴,珍珠種、世紀種,台南市,玉井區
12,番石榴,珍珠種、世紀種,台南市,楠西區
12,番石榴,珍珠種、世紀種,高雄市,大社區
12,番石榴,珍珠種、世紀種,高雄市,燕巢區
12,番石榴,珍珠種、世紀種,高雄市,阿蓮區
12,柳橙,,南投縣,中寮鄉
12,柳橙,,雲林縣,古坑鄉
12,柳橙,,雲林縣,斗南鎮
12,柳橙,,嘉義縣,梅山鄉
12,柳橙,,嘉義縣,番路鄉
12,柳橙,,嘉義縣,民雄鄉
12,柳橙,,嘉義縣,大林鎮
12,柳橙,,嘉義縣,竹崎鄉
12,柳橙,,嘉義縣,中埔鄉
12,柳橙,,台南市,六甲區
12,柳橙,,台南市,白河區
12,柳橙,,台南市,大內區
12,柳橙,,台南市,官田區
12,柳橙,,台南市,南化區
12,蓮霧,粉紅種及大粒種,高雄市,六龜區
12,蓮霧,粉紅種及大粒種,屏東縣,南州鄉
12,蓮霧,粉紅種及大粒種,屏東縣,新埤鄉
12,蓮霧,粉紅種及大粒種,屏東縣,佳冬鄉
12,蓮霧,粉紅種及大粒種,屏東縣,林邊鄉
12,蓮霧,粉紅種及大粒種,屏東縣,枋寮鄉
12,蓮霧,粉紅種及大粒種,屏東縣,內埔鄉
12,蓮霧,粉紅種及大粒種,屏東縣,潮州鎮
12,蓮霧,粉紅種及大粒種,屏東縣,麟洛鄉
12,蓮霧,粉紅種及大粒種,屏東縣,長治鄉
12,蓮霧,粉紅種及大粒種,屏東縣,鹽埔鄉
12,蓮霧,粉紅種及大粒種,屏東縣,高樹鄉
12,香蕉,北蕉及新北蕉,南投縣,南投市
12,香蕉,北蕉及新北蕉,南投縣,國姓鄉
12,香蕉,北蕉及新北蕉,南投縣,中寮鄉
12,香蕉,北蕉及新北蕉,南投縣,水里鄉
12,香蕉,北蕉及新北蕉,高雄市,美濃區
12,香蕉,北蕉及新北蕉,高雄市,旗山區
12,香蕉,北蕉及新北蕉,屏東縣,高樹鄉
12,香蕉,北蕉及新北蕉,屏東縣,新埤鄉
12,香蕉,北蕉及新北蕉,屏東縣,里港鄉
12,木瓜,台農2號,南投縣,草屯鎮
12,木瓜,台農2號,雲林縣,林內鄉
12,木瓜,台農2號,嘉義縣,中埔鄉
12,木瓜,台農2號,台南市,大內區
12,木瓜,台農2號,台南市,玉井區
12,木瓜,台農2號,台南市,楠西區
12,木瓜,台農2號,台南市,南化區
12,木瓜,台農2號,高雄市,美濃區
12,木瓜,台農2號,屏東縣,新埤鄉
12,木瓜,台農2號,屏東縣,高樹鄉
12,木瓜,台農2號,屏東縣,長治鄉
12,木瓜,台農2號,屏東縣,萬巒鄉
12,印度棗,蜜棗、台農1號、翠蜜、天蜜、高雄2號、高雄3號,台南市,玉井區
12,印度棗,蜜棗、台農1號、翠蜜、天蜜、高雄2號、高雄3號,台南市,南化區
12,印度棗,蜜棗、台農1號、翠蜜、天蜜、高雄2號、高雄3號,高雄市,大社區
12,印度棗,蜜棗、台農1號、翠蜜、天蜜、高雄2號、高雄3號,高雄市,阿蓮區
12,印度棗,蜜棗、台農1號、翠蜜、天蜜、高雄2號、高雄3號,高雄市,岡山區
12,印度棗,蜜棗、台農1號、翠蜜、天蜜、高雄2號、高雄3號,屏東縣,燕巢區
12,印度棗,蜜棗、台農1號、翠蜜、天蜜、高雄2號、高雄3號,屏東縣,鹽埔鄉
12,印度棗,蜜棗、台農1號、翠蜜、天蜜、高雄2號、高雄3號,屏東縣,高樹鄉
12,印度棗,蜜棗、台農1號、翠蜜、天蜜、高雄2號、高雄3號,屏東縣,里港鄉
12,海梨柑,,新竹縣,新埔鎮
12,海梨柑,,新竹縣,關西鎮
12,海梨柑,,新竹縣,橫山鄉
12,海梨柑,,新竹縣,芎林鄉
12,海梨柑,,苗栗縣,卓蘭鎮
12,葡萄,巨峰,苗栗縣,卓蘭鎮
12,葡萄,巨峰,台中市,新社區
12,葡萄,巨峰,台中市,東勢區
12,葡萄,巨峰,台中市,石岡區
12,葡萄,巨峰,台中市,豐原區
12,葡萄,巨峰,彰化縣,員林鎮
12,葡萄,巨峰,彰化縣,埔心鄉
12,葡萄,巨峰,彰化縣,溪湖鎮
12,葡萄,巨峰,彰化縣,大村鄉
12,葡萄,巨峰,南投縣,水里鄉
12,葡萄,巨峰,南投縣,信義鄉
12,葡萄,巨峰,南投縣,竹山鎮
12,葡萄,蜜紅,彰化縣,埔心鄉
12,葡萄,蜜紅,彰化縣,大村鄉
12,金柑,長實金柑,彰化縣,二林鎮
12,金柑,長實金柑,宜蘭縣,冬山鄉
12,金柑,長實金柑,宜蘭縣,員山鄉
12,金柑,長實金柑,宜蘭縣,礁溪鄉
