year,County,fruit_name,Production
2019,新北市,香蕉,1405.535
2019,台北市,香蕉,161.027
2019,桃園市,香蕉,828.226
2019,台中市,香蕉,8711.141
2019,台南市,香蕉,24008.13
2019,高雄市,香蕉,52382.173
2019,臺灣省,香蕉,NULL
2019,宜蘭縣,香蕉,3038.564
2019,新竹縣,香蕉,1887.223
2019,苗栗縣,香蕉,2887.199
2019,彰化縣,香蕉,3162.009
2019,南投縣,香蕉,59597.578
2019,雲林縣,香蕉,18222.2
2019,嘉義縣,香蕉,59785.017
2019,屏東縣,香蕉,86231.694
2019,台東縣,香蕉,11510.116
2019,花蓮縣,香蕉,7487.43
2019,澎湖縣,香蕉,42.346
2019,基隆市,香蕉,50.051
2019,新竹市,香蕉,91.065
2019,嘉義市,香蕉,1124.025
2019,福建省,香蕉,NULL
2019,金門縣,香蕉,15.834
2019,連江縣,香蕉,0.0
2019,新北市,鳳梨,44.335
2019,台北市,鳳梨,0.0
2019,桃園市,鳳梨,2.692
2019,台中市,鳳梨,6156.752
2019,台南市,鳳梨,69618.392
2019,高雄市,鳳梨,55338.643
2019,臺灣省,鳳梨,NULL
2019,宜蘭縣,鳳梨,908.693
2019,新竹縣,鳳梨,0.8
2019,苗栗縣,鳳梨,68.458
2019,彰化縣,鳳梨,8893.144
2019,南投縣,鳳梨,54101.381
2019,雲林縣,鳳梨,26126.253
2019,嘉義縣,鳳梨,58129.382
2019,屏東縣,鳳梨,128277.115
2019,台東縣,鳳梨,13345.642
2019,花蓮縣,鳳梨,7361.746
2019,澎湖縣,鳳梨,2.7
2019,基隆市,鳳梨,0.75
2019,新竹市,鳳梨,0.0
2019,嘉義市,鳳梨,2707.247
2019,福建省,鳳梨,NULL
2019,金門縣,鳳梨,0.0
2019,連江縣,鳳梨,0.0
2019,新北市,椪柑,8.022
2019,台北市,椪柑,46.943
2019,桃園市,椪柑,32.48
2019,台中市,椪柑,24292.1
2019,台南市,椪柑,27233.033
2019,高雄市,椪柑,10.671
2019,臺灣省,椪柑,NULL
2019,宜蘭縣,椪柑,100.784
2019,新竹縣,椪柑,3124.242
2019,苗栗縣,椪柑,11919.142
2019,彰化縣,椪柑,129.863
2019,南投縣,椪柑,582.829
2019,雲林縣,椪柑,12907.951
2019,嘉義縣,椪柑,40876.4
2019,屏東縣,椪柑,0.0
2019,台東縣,椪柑,280.608
2019,花蓮縣,椪柑,216.882
2019,澎湖縣,椪柑,0.0
2019,基隆市,椪柑,0.0
2019,新竹市,椪柑,0.0
2019,嘉義市,椪柑,15.3
2019,福建省,椪柑,NULL
2019,金門縣,椪柑,0.0
2019,連江縣,椪柑,0.0
2019,新北市,柳橙,53.029
2019,台北市,柳橙,26.72
2019,桃園市,柳橙,15.642
2019,台中市,柳橙,384.958
2019,台南市,柳橙,49038.563
2019,高雄市,柳橙,187.951
2019,臺灣省,柳橙,NULL
2019,宜蘭縣,柳橙,869.01
2019,新竹縣,柳橙,1555.876
2019,苗栗縣,柳橙,168.46
2019,彰化縣,柳橙,650.435
2019,南投縣,柳橙,12425.469
2019,雲林縣,柳橙,57954.621
2019,嘉義縣,柳橙,22844.262
2019,屏東縣,柳橙,61.352
2019,台東縣,柳橙,301.208
2019,花蓮縣,柳橙,364.01
2019,澎湖縣,柳橙,0.0
2019,基隆市,柳橙,0.0
2019,新竹市,柳橙,0.72
2019,嘉義市,柳橙,735.77
2019,福建省,柳橙,NULL
2019,金門縣,柳橙,0.364
2019,連江縣,柳橙,0.0
2019,新北市,桶柑,763.853
2019,台北市,桶柑,298.524
2019,桃園市,桶柑,836.52
2019,台中市,桶柑,8836.835
2019,台南市,桶柑,15.33
2019,高雄市,桶柑,3.7
2019,臺灣省,桶柑,NULL
2019,宜蘭縣,桶柑,2146.148
2019,新竹縣,桶柑,26138.907
2019,苗栗縣,桶柑,11996.669
2019,彰化縣,桶柑,5.59
2019,南投縣,桶柑,119.744
2019,雲林縣,桶柑,0.76
2019,嘉義縣,桶柑,159.588
2019,屏東縣,桶柑,0.0
2019,台東縣,桶柑,2529.609
2019,花蓮縣,桶柑,172.585
2019,澎湖縣,桶柑,0.0
2019,基隆市,桶柑,6.398
2019,新竹市,桶柑,38.576
2019,嘉義市,桶柑,0.0
2019,福建省,桶柑,NULL
2019,金門縣,桶柑,0.0
2019,連江縣,桶柑,0.0
2019,新北市,文旦柚,6982.336
2019,台北市,文旦柚,102.636
2019,桃園市,文旦柚,286.472
2019,台中市,文旦柚,1297.692
2019,台南市,文旦柚,24461.161
2019,高雄市,文旦柚,176.122
2019,臺灣省,文旦柚,NULL
2019,宜蘭縣,文旦柚,3634.978
2019,新竹縣,文旦柚,750.761
2019,苗栗縣,文旦柚,6671.647
2019,彰化縣,文旦柚,714.409
2019,南投縣,文旦柚,1652.961
2019,雲林縣,文旦柚,4856.902
2019,嘉義縣,文旦柚,2388.562
2019,屏東縣,文旦柚,28.09
2019,台東縣,文旦柚,1589.912
2019,花蓮縣,文旦柚,16083.218
2019,澎湖縣,文旦柚,0.0
2019,基隆市,文旦柚,141.804
2019,新竹市,文旦柚,104.714
2019,嘉義市,文旦柚,37.275
2019,福建省,文旦柚,NULL
2019,金門縣,文旦柚,0.803
2019,連江縣,文旦柚,0.0
2019,新北市,斗柚,21.9
2019,台北市,斗柚,24.04
2019,桃園市,斗柚,0.0
2019,台中市,斗柚,27.246
2019,台南市,斗柚,0.0
2019,高雄市,斗柚,0.0
2019,臺灣省,斗柚,NULL
2019,宜蘭縣,斗柚,46.003
2019,新竹縣,斗柚,48.3
2019,苗栗縣,斗柚,104.913
2019,彰化縣,斗柚,1.862
2019,南投縣,斗柚,4.356
2019,雲林縣,斗柚,0.0
2019,嘉義縣,斗柚,120.604
2019,屏東縣,斗柚,0.0
2019,台東縣,斗柚,126.852
2019,花蓮縣,斗柚,111.804
2019,澎湖縣,斗柚,0.0
2019,基隆市,斗柚,1.92
2019,新竹市,斗柚,8.854
2019,嘉義市,斗柚,0.0
2019,福建省,斗柚,NULL
2019,金門縣,斗柚,0.0
2019,連江縣,斗柚,0.0
2019,新北市,白柚,75.588
2019,台北市,白柚,47.569
2019,桃園市,白柚,12.0
2019,台中市,白柚,62.964
2019,台南市,白柚,5449.278
2019,高雄市,白柚,86.808
2019,臺灣省,白柚,NULL
2019,宜蘭縣,白柚,85.243
2019,新竹縣,白柚,8.25
2019,苗栗縣,白柚,722.102
2019,彰化縣,白柚,1083.677
2019,南投縣,白柚,410.02
2019,雲林縣,白柚,760.275
2019,嘉義縣,白柚,992.093
2019,屏東縣,白柚,38.032
2019,台東縣,白柚,879.787
2019,花蓮縣,白柚,234.669
2019,澎湖縣,白柚,0.0
2019,基隆市,白柚,0.0
2019,新竹市,白柚,15.157
2019,嘉義市,白柚,194.076
2019,福建省,白柚,NULL
2019,金門縣,白柚,0.384
2019,連江縣,白柚,0.0
2019,新北市,溫州蜜柑,0.0
2019,台北市,溫州蜜柑,0.0
2019,桃園市,溫州蜜柑,0.0
2019,台中市,溫州蜜柑,57.714
2019,台南市,溫州蜜柑,13.5
2019,高雄市,溫州蜜柑,0.0
2019,臺灣省,溫州蜜柑,NULL
2019,宜蘭縣,溫州蜜柑,17.478
2019,新竹縣,溫州蜜柑,0.0
2019,苗栗縣,溫州蜜柑,9.605
2019,彰化縣,溫州蜜柑,3.05
2019,南投縣,溫州蜜柑,0.0
2019,雲林縣,溫州蜜柑,0.0
2019,嘉義縣,溫州蜜柑,8.876
2019,屏東縣,溫州蜜柑,0.0
2019,台東縣,溫州蜜柑,32.015
2019,花蓮縣,溫州蜜柑,0.0
2019,澎湖縣,溫州蜜柑,0.0
2019,基隆市,溫州蜜柑,0.0
2019,新竹市,溫州蜜柑,0.0
2019,嘉義市,溫州蜜柑,0.0
2019,福建省,溫州蜜柑,NULL
2019,金門縣,溫州蜜柑,0.0
2019,連江縣,溫州蜜柑,0.0
2019,新北市,晚崙西亞橙,0.0
2019,台北市,晚崙西亞橙,0.0
2019,桃園市,晚崙西亞橙,0.0
2019,台中市,晚崙西亞橙,0.0
2019,台南市,晚崙西亞橙,0.0
2019,高雄市,晚崙西亞橙,0.0
2019,臺灣省,晚崙西亞橙,NULL
2019,宜蘭縣,晚崙西亞橙,0.0
2019,新竹縣,晚崙西亞橙,0.0
2019,苗栗縣,晚崙西亞橙,0.0
2019,彰化縣,晚崙西亞橙,0.0
2019,南投縣,晚崙西亞橙,0.0
2019,雲林縣,晚崙西亞橙,0.0
2019,嘉義縣,晚崙西亞橙,0.0
2019,屏東縣,晚崙西亞橙,0.0
2019,台東縣,晚崙西亞橙,1352.413
2019,花蓮縣,晚崙西亞橙,43.793
2019,澎湖縣,晚崙西亞橙,0.0
2019,基隆市,晚崙西亞橙,0.0
2019,新竹市,晚崙西亞橙,0.0
2019,嘉義市,晚崙西亞橙,0.0
2019,福建省,晚崙西亞橙,NULL
2019,金門縣,晚崙西亞橙,0.0
2019,連江縣,晚崙西亞橙,0.0
2019,新北市,檸檬,1.577
2019,台北市,檸檬,3.57
2019,桃園市,檸檬,51.415
2019,台中市,檸檬,580.114
2019,台南市,檸檬,740.753
2019,高雄市,檸檬,3450.284
2019,臺灣省,檸檬,NULL
2019,宜蘭縣,檸檬,128.235
2019,新竹縣,檸檬,45.72
2019,苗栗縣,檸檬,28.708
2019,彰化縣,檸檬,793.36
2019,南投縣,檸檬,2551.104
2019,雲林縣,檸檬,401.195
2019,嘉義縣,檸檬,1281.074
2019,屏東縣,檸檬,34384.676
2019,台東縣,檸檬,1210.757
2019,花蓮縣,檸檬,422.144
2019,澎湖縣,檸檬,0.8
2019,基隆市,檸檬,0.0
2019,新竹市,檸檬,0.0
2019,嘉義市,檸檬,27.492
2019,福建省,檸檬,NULL
2019,金門縣,檸檬,2.022
2019,連江縣,檸檬,0.0
2019,新北市,葡萄柚,71.423
2019,台北市,葡萄柚,8.34
2019,桃園市,葡萄柚,0.0
2019,台中市,葡萄柚,26.945
2019,台南市,葡萄柚,347.804
2019,高雄市,葡萄柚,29.148
2019,臺灣省,葡萄柚,NULL
2019,宜蘭縣,葡萄柚,50.038
2019,新竹縣,葡萄柚,81.388
2019,苗栗縣,葡萄柚,32.932
2019,彰化縣,葡萄柚,37.149
2019,南投縣,葡萄柚,58.869
2019,雲林縣,葡萄柚,2156.139
2019,嘉義縣,葡萄柚,4400.846
2019,屏東縣,葡萄柚,144.815
2019,台東縣,葡萄柚,228.183
2019,花蓮縣,葡萄柚,503.435
2019,澎湖縣,葡萄柚,0.0
2019,基隆市,葡萄柚,0.0
2019,新竹市,葡萄柚,41.37
2019,嘉義市,葡萄柚,363.63
2019,福建省,葡萄柚,NULL
2019,金門縣,葡萄柚,0.0
2019,連江縣,葡萄柚,0.0
2019,新北市,其他雜柑類,22.98
2019,台北市,其他雜柑類,13.515
2019,桃園市,其他雜柑類,24.985
2019,台中市,其他雜柑類,11536.621
2019,台南市,其他雜柑類,685.443
2019,高雄市,其他雜柑類,493.425
2019,臺灣省,其他雜柑類,NULL
2019,宜蘭縣,其他雜柑類,5394.64
2019,新竹縣,其他雜柑類,11096.967
2019,苗栗縣,其他雜柑類,6344.614
2019,彰化縣,其他雜柑類,1178.136
2019,南投縣,其他雜柑類,2590.687
2019,雲林縣,其他雜柑類,8708.537
2019,嘉義縣,其他雜柑類,4912.413
2019,屏東縣,其他雜柑類,2792.158
2019,台東縣,其他雜柑類,2305.68
2019,花蓮縣,其他雜柑類,1560.083
2019,澎湖縣,其他雜柑類,0.0
2019,基隆市,其他雜柑類,0.238
2019,新竹市,其他雜柑類,5.189
2019,嘉義市,其他雜柑類,0.0
2019,福建省,其他雜柑類,NULL
2019,金門縣,其他雜柑類,0.0
2019,連江縣,其他雜柑類,0.0
2019,新北市,龍眼,2.37
2019,台北市,龍眼,8.862
2019,桃園市,龍眼,0.125
2019,台中市,龍眼,6142.813
2019,台南市,龍眼,3787.627
2019,高雄市,龍眼,1605.435
2019,臺灣省,龍眼,NULL
2019,宜蘭縣,龍眼,58.875
2019,新竹縣,龍眼,31.208
2019,苗栗縣,龍眼,269.941
2019,彰化縣,龍眼,2071.747
2019,南投縣,龍眼,1316.373
2019,雲林縣,龍眼,177.127
2019,嘉義縣,龍眼,2517.755
2019,屏東縣,龍眼,25.104
2019,台東縣,龍眼,104.077
2019,花蓮縣,龍眼,15.731
2019,澎湖縣,龍眼,0.0
2019,基隆市,龍眼,0.0
2019,新竹市,龍眼,0.0
2019,嘉義市,龍眼,114.87
2019,福建省,龍眼,NULL
2019,金門縣,龍眼,0.705
2019,連江縣,龍眼,0.0
2019,新北市,芒果,10.316
2019,台北市,芒果,0.0
2019,桃園市,芒果,6.623
2019,台中市,芒果,1116.427
2019,台南市,芒果,78453.853
2019,高雄市,芒果,15192.336
2019,臺灣省,芒果,NULL
2019,宜蘭縣,芒果,89.079
2019,新竹縣,芒果,18.33
2019,苗栗縣,芒果,89.533
2019,彰化縣,芒果,1407.944
2019,南投縣,芒果,1189.901
2019,雲林縣,芒果,1033.979
2019,嘉義縣,芒果,3893.423
2019,屏東縣,芒果,61379.984
2019,台東縣,芒果,3232.274
2019,花蓮縣,芒果,333.216
2019,澎湖縣,芒果,0.0
2019,基隆市,芒果,0.48
2019,新竹市,芒果,10.34
2019,嘉義市,芒果,333.007
2019,福建省,芒果,NULL
2019,金門縣,芒果,0.0
2019,連江縣,芒果,0.0
2019,新北市,檳榔,2142.044
2019,台北市,檳榔,19.496
2019,桃園市,檳榔,18.389
2019,台中市,檳榔,3411.193
2019,台南市,檳榔,1317.895
2019,高雄市,檳榔,1590.462
2019,臺灣省,檳榔,NULL
2019,宜蘭縣,檳榔,312.018
2019,新竹縣,檳榔,695.734
2019,苗栗縣,檳榔,655.856
2019,彰化縣,檳榔,222.451
2019,南投縣,檳榔,33786.289
2019,雲林縣,檳榔,1952.544
2019,嘉義縣,檳榔,15817.318
2019,屏東縣,檳榔,30735.524
2019,台東縣,檳榔,3380.348
2019,花蓮縣,檳榔,7559.318
2019,澎湖縣,檳榔,0.0
2019,基隆市,檳榔,7.194
2019,新竹市,檳榔,0.0
2019,嘉義市,檳榔,142.802
2019,福建省,檳榔,NULL
2019,金門縣,檳榔,0.0
2019,連江縣,檳榔,0.0
2019,新北市,番石榴,596.753
2019,台北市,番石榴,30.255
2019,桃園市,番石榴,218.396
2019,台中市,番石榴,2311.434
2019,台南市,番石榴,33825.158
2019,高雄市,番石榴,64915.846
2019,臺灣省,番石榴,NULL
2019,宜蘭縣,番石榴,4562.682
2019,新竹縣,番石榴,333.045
2019,苗栗縣,番石榴,821.841
2019,彰化縣,番石榴,36002.525
2019,南投縣,番石榴,4447.78
2019,雲林縣,番石榴,6990.178
2019,嘉義縣,番石榴,7296.29
2019,屏東縣,番石榴,13642.919
2019,台東縣,番石榴,1748.434
2019,花蓮縣,番石榴,947.362
2019,澎湖縣,番石榴,31.052
2019,基隆市,番石榴,0.952
2019,新竹市,番石榴,52.482
2019,嘉義市,番石榴,246.545
2019,福建省,番石榴,NULL
2019,金門縣,番石榴,15.596
2019,連江縣,番石榴,0.0
2019,新北市,李,11.093
2019,台北市,李,0.0
2019,桃園市,李,17.2
2019,台中市,李,2050.708
2019,台南市,李,8.1
2019,高雄市,李,218.673
2019,臺灣省,李,NULL
2019,宜蘭縣,李,312.693
2019,新竹縣,李,309.318
2019,苗栗縣,李,2121.931
2019,彰化縣,李,13.6
2019,南投縣,李,1386.892
2019,雲林縣,李,2.0
2019,嘉義縣,李,114.105
2019,屏東縣,李,53.643
2019,台東縣,李,1218.959
2019,花蓮縣,李,250.863
2019,澎湖縣,李,0.0
2019,基隆市,李,0.0
2019,新竹市,李,0.0
2019,嘉義市,李,0.0
2019,福建省,李,NULL
2019,金門縣,李,0.0
2019,連江縣,李,0.0
2019,新北市,桃,25.208
2019,台北市,桃,0.0
2019,桃園市,桃,1244.985
2019,台中市,桃,10617.479
2019,台南市,桃,14.158
2019,高雄市,桃,289.021
2019,臺灣省,桃,NULL
2019,宜蘭縣,桃,275.42
2019,新竹縣,桃,1475.627
2019,苗栗縣,桃,591.841
2019,彰化縣,桃,82.546
2019,南投縣,桃,787.198
2019,雲林縣,桃,42.935
2019,嘉義縣,桃,282.398
2019,屏東縣,桃,43.17
2019,台東縣,桃,194.824
2019,花蓮縣,桃,204.263
2019,澎湖縣,桃,0.0
2019,基隆市,桃,0.07
2019,新竹市,桃,0.087
2019,嘉義市,桃,0.0
2019,福建省,桃,NULL
2019,金門縣,桃,0.0
2019,連江縣,桃,0.0
2019,新北市,柿,70.068
2019,台北市,柿,30.79
2019,桃園市,柿,418.5
2019,台中市,柿,27836.519
2019,台南市,柿,21.799
2019,高雄市,柿,112.652
2019,臺灣省,柿,NULL
2019,宜蘭縣,柿,234.843
2019,新竹縣,柿,1827.233
2019,苗栗縣,柿,3642.73
2019,彰化縣,柿,24.7
2019,南投縣,柿,846.929
2019,雲林縣,柿,101.232
2019,嘉義縣,柿,3370.631
2019,屏東縣,柿,0.72
2019,台東縣,柿,715.52
2019,花蓮縣,柿,267.3
2019,澎湖縣,柿,0.0
2019,基隆市,柿,0.0
2019,新竹市,柿,0.0
2019,嘉義市,柿,0.0
2019,福建省,柿,NULL
2019,金門縣,柿,0.0
2019,連江縣,柿,0.0
2019,新北市,木瓜,54.02
2019,台北市,木瓜,43.81
2019,桃園市,木瓜,62.209
2019,台中市,木瓜,620.621
2019,台南市,木瓜,36784.1
2019,高雄市,木瓜,13790.569
2019,臺灣省,木瓜,NULL
2019,宜蘭縣,木瓜,198.707
2019,新竹縣,木瓜,264.42
2019,苗栗縣,木瓜,1014.018
2019,彰化縣,木瓜,1516.502
2019,南投縣,木瓜,14296.04
2019,雲林縣,木瓜,9048.289
2019,嘉義縣,木瓜,9795.507
2019,屏東縣,木瓜,31366.001
2019,台東縣,木瓜,1572.606
2019,花蓮縣,木瓜,1228.786
2019,澎湖縣,木瓜,9.936
2019,基隆市,木瓜,0.0
2019,新竹市,木瓜,14.157
2019,嘉義市,木瓜,585.618
2019,福建省,木瓜,NULL
2019,金門縣,木瓜,5.637
2019,連江縣,木瓜,0.0
2019,新北市,蓮霧,1.12
2019,台北市,蓮霧,21.3
2019,桃園市,蓮霧,0.108
2019,台中市,蓮霧,133.593
2019,台南市,蓮霧,309.895
2019,高雄市,蓮霧,5770.688
2019,臺灣省,蓮霧,NULL
2019,宜蘭縣,蓮霧,1596.33
2019,新竹縣,蓮霧,16.594
2019,苗栗縣,蓮霧,14.031
2019,彰化縣,蓮霧,30.811
2019,南投縣,蓮霧,781.509
2019,雲林縣,蓮霧,190.603
2019,嘉義縣,蓮霧,3651.736
2019,屏東縣,蓮霧,44365.686
2019,台東縣,蓮霧,42.748
2019,花蓮縣,蓮霧,68.985
2019,澎湖縣,蓮霧,0.0
2019,基隆市,蓮霧,3.133
2019,新竹市,蓮霧,0.0
2019,嘉義市,蓮霧,15.0
2019,福建省,蓮霧,NULL
2019,金門縣,蓮霧,0.0
2019,連江縣,蓮霧,0.0
2019,新北市,葡萄,1.35
2019,台北市,葡萄,0.0
2019,桃園市,葡萄,174.452
2019,台中市,葡萄,14807.054
2019,台南市,葡萄,101.841
2019,高雄市,葡萄,101.95
2019,臺灣省,葡萄,NULL
2019,宜蘭縣,葡萄,37.251
2019,新竹縣,葡萄,10.26
2019,苗栗縣,葡萄,15578.546
2019,彰化縣,葡萄,47381.168
2019,南投縣,葡萄,10062.083
2019,雲林縣,葡萄,73.198
2019,嘉義縣,葡萄,160.497
2019,屏東縣,葡萄,28.513
2019,台東縣,葡萄,116.903
2019,花蓮縣,葡萄,0.0
2019,澎湖縣,葡萄,0.0
2019,基隆市,葡萄,0.0
2019,新竹市,葡萄,0.0
2019,嘉義市,葡萄,0.0
2019,福建省,葡萄,NULL
2019,金門縣,葡萄,0.0
2019,連江縣,葡萄,0.0
2019,新北市,枇杷,0.0
2019,台北市,枇杷,0.221
2019,桃園市,枇杷,56.088
2019,台中市,枇杷,3738.037
2019,台南市,枇杷,0.182
2019,高雄市,枇杷,3.26
2019,臺灣省,枇杷,NULL
2019,宜蘭縣,枇杷,39.48
2019,新竹縣,枇杷,4.72
2019,苗栗縣,枇杷,274.877
2019,彰化縣,枇杷,0.375
2019,南投縣,枇杷,430.316
2019,雲林縣,枇杷,1.012
2019,嘉義縣,枇杷,0.6
2019,屏東縣,枇杷,0.0
2019,台東縣,枇杷,603.87
2019,花蓮縣,枇杷,30.138
2019,澎湖縣,枇杷,0.0
2019,基隆市,枇杷,0.0
2019,新竹市,枇杷,0.0
2019,嘉義市,枇杷,0.0
2019,福建省,枇杷,NULL
2019,金門縣,枇杷,0.0
2019,連江縣,枇杷,0.0
2019,新北市,梅,1.446
2019,台北市,梅,1.845
2019,桃園市,梅,5.13
2019,台中市,梅,385.624
2019,台南市,梅,964.771
2019,高雄市,梅,2827.567
2019,臺灣省,梅,NULL
2019,宜蘭縣,梅,0.0
2019,新竹縣,梅,5.87
2019,苗栗縣,梅,147.215
2019,彰化縣,梅,1.662
2019,南投縣,梅,2112.579
2019,雲林縣,梅,51.48
2019,嘉義縣,梅,365.934
2019,屏東縣,梅,6.12
2019,台東縣,梅,1330.224
2019,花蓮縣,梅,62.331
2019,澎湖縣,梅,0.0
2019,基隆市,梅,0.0
2019,新竹市,梅,0.0
2019,嘉義市,梅,0.0
2019,福建省,梅,NULL
2019,金門縣,梅,0.0
2019,連江縣,梅,0.0
2019,新北市,荔枝,0.0
2019,台北市,荔枝,0.0
2019,桃園市,荔枝,0.0
2019,台中市,荔枝,6129.348
2019,台南市,荔枝,3284.846
2019,高雄市,荔枝,6872.595
2019,臺灣省,荔枝,NULL
2019,宜蘭縣,荔枝,10.817
2019,新竹縣,荔枝,21.819
2019,苗栗縣,荔枝,106.401
2019,彰化縣,荔枝,2608.874
2019,南投縣,荔枝,2047.248
2019,雲林縣,荔枝,231.327
2019,嘉義縣,荔枝,2395.305
2019,屏東縣,荔枝,789.034
2019,台東縣,荔枝,549.621
2019,花蓮縣,荔枝,2.586
2019,澎湖縣,荔枝,0.0
2019,基隆市,荔枝,0.0
2019,新竹市,荔枝,137.354
2019,嘉義市,荔枝,68.14
2019,福建省,荔枝,NULL
2019,金門縣,荔枝,0.018
2019,連江縣,荔枝,0.0
2019,新北市,橄欖,0.0
2019,台北市,橄欖,0.0
2019,桃園市,橄欖,7.04
2019,台中市,橄欖,120.722
2019,台南市,橄欖,86.949
2019,高雄市,橄欖,76.86
2019,臺灣省,橄欖,NULL
2019,宜蘭縣,橄欖,0.0
2019,新竹縣,橄欖,47.955
2019,苗栗縣,橄欖,186.062
2019,彰化縣,橄欖,7.995
2019,南投縣,橄欖,599.346
2019,雲林縣,橄欖,0.0
2019,嘉義縣,橄欖,56.203
2019,屏東縣,橄欖,2.48
2019,台東縣,橄欖,407.271
2019,花蓮縣,橄欖,61.98
2019,澎湖縣,橄欖,0.0
2019,基隆市,橄欖,0.0
2019,新竹市,橄欖,0.7
2019,嘉義市,橄欖,13.94
2019,福建省,橄欖,NULL
2019,金門縣,橄欖,0.0
2019,連江縣,橄欖,0.0
2019,新北市,楊桃,4.5
2019,台北市,楊桃,12.939
2019,桃園市,楊桃,0.0
2019,台中市,楊桃,647.795
2019,台南市,楊桃,3677.117
2019,高雄市,楊桃,107.264
2019,臺灣省,楊桃,NULL
2019,宜蘭縣,楊桃,168.769
2019,新竹縣,楊桃,46.775
2019,苗栗縣,楊桃,1229.61
2019,彰化縣,楊桃,921.89
2019,南投縣,楊桃,253.247
2019,雲林縣,楊桃,205.526
2019,嘉義縣,楊桃,89.41
2019,屏東縣,楊桃,173.88
2019,台東縣,楊桃,49.504
2019,花蓮縣,楊桃,22.606
2019,澎湖縣,楊桃,0.0
2019,基隆市,楊桃,0.0
2019,新竹市,楊桃,0.0
2019,嘉義市,楊桃,0.0
2019,福建省,楊桃,NULL
2019,金門縣,楊桃,0.473
2019,連江縣,楊桃,0.0
2019,新北市,梨,85.915
2019,台北市,梨,2.16
2019,桃園市,梨,90.25
2019,台中市,梨,55931.799
2019,台南市,梨,34.343
2019,高雄市,梨,164.974
2019,臺灣省,梨,NULL
2019,宜蘭縣,梨,997.458
2019,新竹縣,梨,2210.65
2019,苗栗縣,梨,28735.603
2019,彰化縣,梨,616.093
2019,南投縣,梨,518.484
2019,雲林縣,梨,25.72
2019,嘉義縣,梨,1345.075
2019,屏東縣,梨,27.259
2019,台東縣,梨,125.665
2019,花蓮縣,梨,120.513
2019,澎湖縣,梨,0.0
2019,基隆市,梨,0.0
2019,新竹市,梨,0.0
2019,嘉義市,梨,0.0
2019,福建省,梨,NULL
2019,金門縣,梨,0.0
2019,連江縣,梨,0.0
2019,新北市,蘋果,0.0
2019,台北市,蘋果,0.0
2019,桃園市,蘋果,0.0
2019,台中市,蘋果,671.202
2019,台南市,蘋果,0.0
2019,高雄市,蘋果,5.145
2019,臺灣省,蘋果,NULL
2019,宜蘭縣,蘋果,0.0
2019,新竹縣,蘋果,0.0
2019,苗栗縣,蘋果,0.0
2019,彰化縣,蘋果,0.0
2019,南投縣,蘋果,492.48
2019,雲林縣,蘋果,0.0
2019,嘉義縣,蘋果,0.525
2019,屏東縣,蘋果,0.0
2019,台東縣,蘋果,0.0
2019,花蓮縣,蘋果,8.94
2019,澎湖縣,蘋果,0.0
2019,基隆市,蘋果,0.0
2019,新竹市,蘋果,0.0
2019,嘉義市,蘋果,0.0
2019,福建省,蘋果,NULL
2019,金門縣,蘋果,0.064
2019,連江縣,蘋果,0.0
2019,新北市,棗,0.0
2019,台北市,棗,0.0
2019,桃園市,棗,0.23
2019,台中市,棗,95.3
2019,台南市,棗,4622.138
2019,高雄市,棗,15426.739
2019,臺灣省,棗,NULL
2019,宜蘭縣,棗,0.0
2019,新竹縣,棗,2.65
2019,苗栗縣,棗,812.288
2019,彰化縣,棗,53.152
2019,南投縣,棗,288.141
2019,雲林縣,棗,290.016
2019,嘉義縣,棗,859.371
2019,屏東縣,棗,10731.806
2019,台東縣,棗,31.389
2019,花蓮縣,棗,5.328
2019,澎湖縣,棗,0.0
2019,基隆市,棗,0.0
2019,新竹市,棗,0.0
2019,嘉義市,棗,2.4
2019,福建省,棗,NULL
2019,金門縣,棗,0.16
2019,連江縣,棗,0.0
2019,新北市,番荔枝,1.0
2019,台北市,番荔枝,0.0
2019,桃園市,番荔枝,2.25
2019,台中市,番荔枝,430.6
2019,台南市,番荔枝,1411.895
2019,高雄市,番荔枝,85.615
2019,臺灣省,番荔枝,NULL
2019,宜蘭縣,番荔枝,43.656
2019,新竹縣,番荔枝,0.945
2019,苗栗縣,番荔枝,7.865
2019,彰化縣,番荔枝,335.829
2019,南投縣,番荔枝,135.816
2019,雲林縣,番荔枝,112.734
2019,嘉義縣,番荔枝,74.295
2019,屏東縣,番荔枝,482.633
2019,台東縣,番荔枝,52796.926
2019,花蓮縣,番荔枝,325.888
2019,澎湖縣,番荔枝,2.346
2019,基隆市,番荔枝,0.0
2019,新竹市,番荔枝,0.0
2019,嘉義市,番荔枝,0.0
2019,福建省,番荔枝,0.0
2019,金門縣,番荔枝,0.0
2019,連江縣,番荔枝,0.0
2019,新北市,百香果,33.269
2019,台北市,百香果,18.518
2019,桃園市,百香果,25.519
2019,台中市,百香果,915.658
2019,台南市,百香果,206.57
2019,高雄市,百香果,177.043
2019,臺灣省,百香果,NULL
2019,宜蘭縣,百香果,70.342
2019,新竹縣,百香果,38.631
2019,苗栗縣,百香果,365.542
2019,彰化縣,百香果,197.398
2019,南投縣,百香果,22086.683
2019,雲林縣,百香果,261.686
2019,嘉義縣,百香果,286.685
2019,屏東縣,百香果,150.834
2019,台東縣,百香果,198.097
2019,花蓮縣,百香果,95.025
2019,澎湖縣,百香果,0.0
2019,基隆市,百香果,0.608
2019,新竹市,百香果,0.0
2019,嘉義市,百香果,0.0
2019,福建省,百香果,NULL
2019,金門縣,百香果,2.134
2019,連江縣,百香果,0.0
2019,新北市,可可椰子,0.0
2019,台北市,可可椰子,0.0
2019,桃園市,可可椰子,0.0
2019,台中市,可可椰子,1.624
2019,台南市,可可椰子,2034.15
2019,高雄市,可可椰子,3988.987
2019,臺灣省,可可椰子,NULL
2019,宜蘭縣,可可椰子,0.63
2019,新竹縣,可可椰子,0.0
2019,苗栗縣,可可椰子,0.45
2019,彰化縣,可可椰子,0.75
2019,南投縣,可可椰子,19.346
2019,雲林縣,可可椰子,11.355
2019,嘉義縣,可可椰子,94.689
2019,屏東縣,可可椰子,7118.114
2019,台東縣,可可椰子,5480.653
2019,花蓮縣,可可椰子,197.973
2019,澎湖縣,可可椰子,0.0
2019,基隆市,可可椰子,0.0
2019,新竹市,可可椰子,0.0
2019,嘉義市,可可椰子,6.594
2019,福建省,可可椰子,NULL
2019,金門縣,可可椰子,0.0
2019,連江縣,可可椰子,0.0
2019,新北市,其他水果,501.811
2019,台北市,其他水果,93.62
2019,桃園市,其他水果,892.653
2019,台中市,其他水果,4026.28
2019,台南市,其他水果,15610.249
2019,高雄市,其他水果,5684.791
2019,臺灣省,其他水果,NULL
2019,宜蘭縣,其他水果,1433.241
2019,新竹縣,其他水果,1020.163
2019,苗栗縣,其他水果,2132.263
2019,彰化縣,其他水果,13700.585
2019,南投縣,其他水果,12943.818
2019,雲林縣,其他水果,3999.309
2019,嘉義縣,其他水果,8916.269
2019,屏東縣,其他水果,13404.572
2019,台東縣,其他水果,5163.788
2019,花蓮縣,其他水果,1624.421
2019,澎湖縣,其他水果,198.915
2019,基隆市,其他水果,8.654
2019,新竹市,其他水果,51.978
2019,嘉義市,其他水果,459.617
2019,福建省,其他水果,NULL
2019,金門縣,其他水果,125.459
2019,連江縣,其他水果,0.0
2018,新北市,香蕉,1339.0
2018,台北市,香蕉,176.0
2018,桃園市,香蕉,746.0
2018,台中市,香蕉,9707.0
2018,台南市,香蕉,24313.0
2018,高雄市,香蕉,48469.0
2018,臺灣省,香蕉,271476.0
2018,宜蘭縣,香蕉,2940.0
2018,新竹縣,香蕉,1649.0
2018,苗栗縣,香蕉,2786.0
2018,彰化縣,香蕉,3303.0
2018,南投縣,香蕉,60530.0
2018,雲林縣,香蕉,16675.0
2018,嘉義縣,香蕉,61467.0
2018,屏東縣,香蕉,97614.0
2018,台東縣,香蕉,15346.0
2018,花蓮縣,香蕉,7952.0
2018,澎湖縣,香蕉,42.0
2018,基隆市,香蕉,62.0
2018,新竹市,香蕉,107.0
2018,嘉義市,香蕉,1001.0
2018,福建省,香蕉,14.0
2018,金門縣,香蕉,14.0
2018,連江縣,香蕉,NULL
2018,新北市,鳳梨,40.0
2018,台北市,鳳梨,NULL
2018,桃園市,鳳梨,NULL
2018,台中市,鳳梨,5912.0
2018,台南市,鳳梨,60925.0
2018,高雄市,鳳梨,60004.0
2018,臺灣省,鳳梨,305202.0
2018,宜蘭縣,鳳梨,1378.0
2018,新竹縣,鳳梨,2.0
2018,苗栗縣,鳳梨,73.0
2018,彰化縣,鳳梨,8696.0
2018,南投縣,鳳梨,56709.0
2018,雲林縣,鳳梨,31020.0
2018,嘉義縣,鳳梨,54029.0
2018,屏東縣,鳳梨,129553.0
2018,台東縣,鳳梨,13419.0
2018,花蓮縣,鳳梨,7868.0
2018,澎湖縣,鳳梨,3.0
2018,基隆市,鳳梨,NULL
2018,新竹市,鳳梨,NULL
2018,嘉義市,鳳梨,2454.0
2018,福建省,鳳梨,NULL
2018,金門縣,鳳梨,NULL
2018,連江縣,鳳梨,NULL
2018,新北市,椪柑,8.0
2018,台北市,椪柑,47.0
2018,桃園市,椪柑,29.0
2018,台中市,椪柑,26903.0
2018,台南市,椪柑,25332.0
2018,高雄市,椪柑,10.0
2018,臺灣省,椪柑,72111.0
2018,宜蘭縣,椪柑,105.0
2018,新竹縣,椪柑,3734.0
2018,苗栗縣,椪柑,12457.0
2018,彰化縣,椪柑,126.0
2018,南投縣,椪柑,637.0
2018,雲林縣,椪柑,13665.0
2018,嘉義縣,椪柑,40731.0
2018,屏東縣,椪柑,NULL
2018,台東縣,椪柑,376.0
2018,花蓮縣,椪柑,264.0
2018,澎湖縣,椪柑,NULL
2018,基隆市,椪柑,NULL
2018,新竹市,椪柑,NULL
2018,嘉義市,椪柑,15.0
2018,福建省,椪柑,NULL
2018,金門縣,椪柑,NULL
2018,連江縣,椪柑,NULL
2018,新北市,柳橙,54.0
2018,台北市,柳橙,19.0
2018,桃園市,柳橙,20.0
2018,台中市,柳橙,481.0
2018,台南市,柳橙,41292.0
2018,高雄市,柳橙,200.0
2018,臺灣省,柳橙,100332.0
2018,宜蘭縣,柳橙,920.0
2018,新竹縣,柳橙,1491.0
2018,苗栗縣,柳橙,199.0
2018,彰化縣,柳橙,607.0
2018,南投縣,柳橙,12865.0
2018,雲林縣,柳橙,59926.0
2018,嘉義縣,柳橙,22783.0
2018,屏東縣,柳橙,65.0
2018,台東縣,柳橙,350.0
2018,花蓮縣,柳橙,391.0
2018,澎湖縣,柳橙,NULL
2018,基隆市,柳橙,NULL
2018,新竹市,柳橙,NULL
2018,嘉義市,柳橙,736.0
2018,福建省,柳橙,0.0
2018,金門縣,柳橙,0.0
2018,連江縣,柳橙,NULL
2018,新北市,桶柑,770.0
2018,台北市,桶柑,287.0
2018,桃園市,桶柑,942.0
2018,台中市,桶柑,10298.0
2018,台南市,桶柑,15.0
2018,高雄市,桶柑,4.0
2018,臺灣省,桶柑,41449.0
2018,宜蘭縣,桶柑,2253.0
2018,新竹縣,桶柑,24203.0
2018,苗栗縣,桶柑,11689.0
2018,彰化縣,桶柑,6.0
2018,南投縣,桶柑,122.0
2018,雲林縣,桶柑,NULL
2018,嘉義縣,桶柑,161.0
2018,屏東縣,桶柑,NULL
2018,台東縣,桶柑,2531.0
2018,花蓮縣,桶柑,433.0
2018,澎湖縣,桶柑,NULL
2018,基隆市,桶柑,16.0
2018,新竹市,桶柑,34.0
2018,嘉義市,桶柑,NULL
2018,福建省,桶柑,NULL
2018,金門縣,桶柑,NULL
2018,連江縣,桶柑,NULL
2018,新北市,文旦柚,8085.0
2018,台北市,文旦柚,82.0
2018,桃園市,文旦柚,303.0
2018,台中市,文旦柚,1458.0
2018,台南市,文旦柚,28523.0
2018,高雄市,文旦柚,165.0
2018,臺灣省,文旦柚,40883.0
2018,宜蘭縣,文旦柚,3470.0
2018,新竹縣,文旦柚,735.0
2018,苗栗縣,文旦柚,6915.0
2018,彰化縣,文旦柚,749.0
2018,南投縣,文旦柚,1748.0
2018,雲林縣,文旦柚,5703.0
2018,嘉義縣,文旦柚,2383.0
2018,屏東縣,文旦柚,25.0
2018,台東縣,文旦柚,1597.0
2018,花蓮縣,文旦柚,17260.0
2018,澎湖縣,文旦柚,NULL
2018,基隆市,文旦柚,144.0
2018,新竹市,文旦柚,116.0
2018,嘉義市,文旦柚,37.0
2018,福建省,文旦柚,1.0
2018,金門縣,文旦柚,1.0
2018,連江縣,文旦柚,NULL
2018,新北市,斗柚,28.0
2018,台北市,斗柚,24.0
2018,桃園市,斗柚,NULL
2018,台中市,斗柚,28.0
2018,台南市,斗柚,NULL
2018,高雄市,斗柚,NULL
2018,臺灣省,斗柚,616.0
2018,宜蘭縣,斗柚,50.0
2018,新竹縣,斗柚,49.0
2018,苗栗縣,斗柚,106.0
2018,彰化縣,斗柚,2.0
2018,南投縣,斗柚,5.0
2018,雲林縣,斗柚,NULL
2018,嘉義縣,斗柚,132.0
2018,屏東縣,斗柚,NULL
2018,台東縣,斗柚,127.0
2018,花蓮縣,斗柚,130.0
2018,澎湖縣,斗柚,NULL
2018,基隆市,斗柚,2.0
2018,新竹市,斗柚,13.0
2018,嘉義市,斗柚,NULL
2018,福建省,斗柚,NULL
2018,金門縣,斗柚,NULL
2018,連江縣,斗柚,NULL
2018,新北市,白柚,104.0
2018,台北市,白柚,41.0
2018,桃園市,白柚,NULL
2018,台中市,白柚,77.0
2018,台南市,白柚,5194.0
2018,高雄市,白柚,88.0
2018,臺灣省,白柚,5558.0
2018,宜蘭縣,白柚,86.0
2018,新竹縣,白柚,10.0
2018,苗栗縣,白柚,817.0
2018,彰化縣,白柚,1125.0
2018,南投縣,白柚,427.0
2018,雲林縣,白柚,659.0
2018,嘉義縣,白柚,980.0
2018,屏東縣,白柚,42.0
2018,台東縣,白柚,932.0
2018,花蓮縣,白柚,267.0
2018,澎湖縣,白柚,NULL
2018,基隆市,白柚,NULL
2018,新竹市,白柚,20.0
2018,嘉義市,白柚,194.0
2018,福建省,白柚,0.0
2018,金門縣,白柚,0.0
2018,連江縣,白柚,NULL
2018,新北市,溫州蜜柑,NULL
2018,台北市,溫州蜜柑,NULL
2018,桃園市,溫州蜜柑,NULL
2018,台中市,溫州蜜柑,74.0
2018,台南市,溫州蜜柑,14.0
2018,高雄市,溫州蜜柑,NULL
2018,臺灣省,溫州蜜柑,87.0
2018,宜蘭縣,溫州蜜柑,18.0
2018,新竹縣,溫州蜜柑,NULL
2018,苗栗縣,溫州蜜柑,10.0
2018,彰化縣,溫州蜜柑,7.0
2018,南投縣,溫州蜜柑,NULL
2018,雲林縣,溫州蜜柑,NULL
2018,嘉義縣,溫州蜜柑,9.0
2018,屏東縣,溫州蜜柑,NULL
2018,台東縣,溫州蜜柑,32.0
2018,花蓮縣,溫州蜜柑,11.0
2018,澎湖縣,溫州蜜柑,NULL
2018,基隆市,溫州蜜柑,NULL
2018,新竹市,溫州蜜柑,NULL
2018,嘉義市,溫州蜜柑,NULL
2018,福建省,溫州蜜柑,NULL
2018,金門縣,溫州蜜柑,NULL
2018,連江縣,溫州蜜柑,NULL
2018,新北市,晚崙西亞橙,NULL
2018,台北市,晚崙西亞橙,NULL
2018,桃園市,晚崙西亞橙,NULL
2018,台中市,晚崙西亞橙,NULL
2018,台南市,晚崙西亞橙,NULL
2018,高雄市,晚崙西亞橙,NULL
2018,臺灣省,晚崙西亞橙,1478.0
2018,宜蘭縣,晚崙西亞橙,2.0
2018,新竹縣,晚崙西亞橙,NULL
2018,苗栗縣,晚崙西亞橙,NULL
2018,彰化縣,晚崙西亞橙,NULL
2018,南投縣,晚崙西亞橙,NULL
2018,雲林縣,晚崙西亞橙,NULL
2018,嘉義縣,晚崙西亞橙,NULL
2018,屏東縣,晚崙西亞橙,NULL
2018,台東縣,晚崙西亞橙,1429.0
2018,花蓮縣,晚崙西亞橙,48.0
2018,澎湖縣,晚崙西亞橙,NULL
2018,基隆市,晚崙西亞橙,NULL
2018,新竹市,晚崙西亞橙,NULL
2018,嘉義市,晚崙西亞橙,NULL
2018,福建省,晚崙西亞橙,NULL
2018,金門縣,晚崙西亞橙,NULL
2018,連江縣,晚崙西亞橙,NULL
2018,新北市,檸檬,1.0
2018,台北市,檸檬,3.0
2018,桃園市,檸檬,46.0
2018,台中市,檸檬,548.0
2018,台南市,檸檬,713.0
2018,高雄市,檸檬,3458.0
2018,臺灣省,檸檬,36660.0
2018,宜蘭縣,檸檬,114.0
2018,新竹縣,檸檬,45.0
2018,苗栗縣,檸檬,25.0
2018,彰化縣,檸檬,799.0
2018,南投縣,檸檬,2271.0
2018,雲林縣,檸檬,440.0
2018,嘉義縣,檸檬,1173.0
2018,屏東縣,檸檬,30106.0
2018,台東縣,檸檬,1221.0
2018,花蓮縣,檸檬,433.0
2018,澎湖縣,檸檬,1.0
2018,基隆市,檸檬,NULL
2018,新竹市,檸檬,NULL
2018,嘉義市,檸檬,31.0
2018,福建省,檸檬,2.0
2018,金門縣,檸檬,2.0
2018,連江縣,檸檬,NULL
2018,新北市,葡萄柚,71.0
2018,台北市,葡萄柚,12.0
2018,桃園市,葡萄柚,NULL
2018,台中市,葡萄柚,34.0
2018,台南市,葡萄柚,348.0
2018,高雄市,葡萄柚,30.0
2018,臺灣省,葡萄柚,8186.0
2018,宜蘭縣,葡萄柚,50.0
2018,新竹縣,葡萄柚,85.0
2018,苗栗縣,葡萄柚,36.0
2018,彰化縣,葡萄柚,53.0
2018,南投縣,葡萄柚,54.0
2018,雲林縣,葡萄柚,1970.0
2018,嘉義縣,葡萄柚,4408.0
2018,屏東縣,葡萄柚,162.0
2018,台東縣,葡萄柚,248.0
2018,花蓮縣,葡萄柚,715.0
2018,澎湖縣,葡萄柚,NULL
2018,基隆市,葡萄柚,NULL
2018,新竹市,葡萄柚,41.0
2018,嘉義市,葡萄柚,364.0
2018,福建省,葡萄柚,NULL
2018,金門縣,葡萄柚,NULL
2018,連江縣,葡萄柚,NULL
2018,新北市,其他雜柑類,18.0
2018,台北市,其他雜柑類,18.0
2018,桃園市,其他雜柑類,23.0
2018,台中市,其他雜柑類,11224.0
2018,台南市,其他雜柑類,753.0
2018,高雄市,其他雜柑類,520.0
2018,臺灣省,其他雜柑類,47910.0
2018,宜蘭縣,其他雜柑類,5555.0
2018,新竹縣,其他雜柑類,11820.0
2018,苗栗縣,其他雜柑類,6982.0
2018,彰化縣,其他雜柑類,1225.0
2018,南投縣,其他雜柑類,2119.0
2018,雲林縣,其他雜柑類,8576.0
2018,嘉義縣,其他雜柑類,4701.0
2018,屏東縣,其他雜柑類,2675.0
2018,台東縣,其他雜柑類,2742.0
2018,花蓮縣,其他雜柑類,1510.0
2018,澎湖縣,其他雜柑類,NULL
2018,基隆市,其他雜柑類,0.0
2018,新竹市,其他雜柑類,5.0
2018,嘉義市,其他雜柑類,NULL
2018,福建省,其他雜柑類,NULL
2018,金門縣,其他雜柑類,NULL
2018,連江縣,其他雜柑類,NULL
2018,新北市,龍眼,2.0
2018,台北市,龍眼,13.0
2018,桃園市,龍眼,1.0
2018,台中市,龍眼,17840.0
2018,台南市,龍眼,24344.0
2018,高雄市,龍眼,12078.0
2018,臺灣省,龍眼,22919.0
2018,宜蘭縣,龍眼,74.0
2018,新竹縣,龍眼,73.0
2018,苗栗縣,龍眼,477.0
2018,彰化縣,龍眼,5230.0
2018,南投縣,龍眼,9630.0
2018,雲林縣,龍眼,389.0
2018,嘉義縣,龍眼,6321.0
2018,屏東縣,龍眼,81.0
2018,台東縣,龍眼,141.0
2018,花蓮縣,龍眼,141.0
2018,澎湖縣,龍眼,NULL
2018,基隆市,龍眼,NULL
2018,新竹市,龍眼,4.0
2018,嘉義市,龍眼,359.0
2018,福建省,龍眼,1.0
2018,金門縣,龍眼,1.0
2018,連江縣,龍眼,NULL
2018,新北市,芒果,10.0
2018,台北市,芒果,NULL
2018,桃園市,芒果,5.0
2018,台中市,芒果,1151.0
2018,台南市,芒果,61382.0
2018,高雄市,芒果,16197.0
2018,臺灣省,芒果,67928.0
2018,宜蘭縣,芒果,102.0
2018,新竹縣,芒果,13.0
2018,苗栗縣,芒果,94.0
2018,彰化縣,芒果,1369.0
2018,南投縣,芒果,1133.0
2018,雲林縣,芒果,943.0
2018,嘉義縣,芒果,3885.0
2018,屏東縣,芒果,56796.0
2018,台東縣,芒果,2858.0
2018,花蓮縣,芒果,421.0
2018,澎湖縣,芒果,NULL
2018,基隆市,芒果,0.0
2018,新竹市,芒果,7.0
2018,嘉義市,芒果,307.0
2018,福建省,芒果,NULL
2018,金門縣,芒果,NULL
2018,連江縣,芒果,NULL
2018,新北市,檳榔,2150.0
2018,台北市,檳榔,21.0
2018,桃園市,檳榔,24.0
2018,台中市,檳榔,3584.0
2018,台南市,檳榔,1376.0
2018,高雄市,檳榔,1681.0
2018,臺灣省,檳榔,94083.0
2018,宜蘭縣,檳榔,313.0
2018,新竹縣,檳榔,707.0
2018,苗栗縣,檳榔,761.0
2018,彰化縣,檳榔,240.0
2018,南投縣,檳榔,32329.0
2018,雲林縣,檳榔,1946.0
2018,嘉義縣,檳榔,16181.0
2018,屏東縣,檳榔,30710.0
2018,台東縣,檳榔,3365.0
2018,花蓮縣,檳榔,7381.0
2018,澎湖縣,檳榔,NULL
2018,基隆市,檳榔,7.0
2018,新竹市,檳榔,0.0
2018,嘉義市,檳榔,143.0
2018,福建省,檳榔,NULL
2018,金門縣,檳榔,NULL
2018,連江縣,檳榔,NULL
2018,新北市,番石榴,600.0
2018,台北市,番石榴,30.0
2018,桃園市,番石榴,173.0
2018,台中市,番石榴,2229.0
2018,台南市,番石榴,32080.0
2018,高雄市,番石榴,67829.0
2018,臺灣省,番石榴,73346.0
2018,宜蘭縣,番石榴,4557.0
2018,新竹縣,番石榴,293.0
2018,苗栗縣,番石榴,701.0
2018,彰化縣,番石榴,34723.0
2018,南投縣,番石榴,4000.0
2018,雲林縣,番石榴,6385.0
2018,嘉義縣,番石榴,6763.0
2018,屏東縣,番石榴,13124.0
2018,台東縣,番石榴,1383.0
2018,花蓮縣,番石榴,1111.0
2018,澎湖縣,番石榴,31.0
2018,基隆市,番石榴,1.0
2018,新竹市,番石榴,59.0
2018,嘉義市,番石榴,217.0
2018,福建省,番石榴,16.0
2018,金門縣,番石榴,16.0
2018,連江縣,番石榴,NULL
2018,新北市,李,11.0
2018,台北市,李,NULL
2018,桃園市,李,21.0
2018,台中市,李,2523.0
2018,台南市,李,8.0
2018,高雄市,李,1199.0
2018,臺灣省,李,9318.0
2018,宜蘭縣,李,569.0
2018,新竹縣,李,272.0
2018,苗栗縣,李,4461.0
2018,彰化縣,李,2.0
2018,南投縣,李,1886.0
2018,雲林縣,李,3.0
2018,嘉義縣,李,122.0
2018,屏東縣,李,61.0
2018,台東縣,李,1567.0
2018,花蓮縣,李,377.0
2018,澎湖縣,李,NULL
2018,基隆市,李,NULL
2018,新竹市,李,NULL
2018,嘉義市,李,NULL
2018,福建省,李,NULL
2018,金門縣,李,NULL
2018,連江縣,李,NULL
2018,新北市,桃,27.0
2018,台北市,桃,NULL
2018,桃園市,桃,2086.0
2018,台中市,桃,15685.0
2018,台南市,桃,14.0
2018,高雄市,桃,303.0
2018,臺灣省,桃,4390.0
2018,宜蘭縣,桃,312.0
2018,新竹縣,桃,1401.0
2018,苗栗縣,桃,678.0
2018,彰化縣,桃,86.0
2018,南投縣,桃,1086.0
2018,雲林縣,桃,22.0
2018,嘉義縣,桃,279.0
2018,屏東縣,桃,50.0
2018,台東縣,桃,267.0
2018,花蓮縣,桃,209.0
2018,澎湖縣,桃,NULL
2018,基隆市,桃,0.0
2018,新竹市,桃,0.0
2018,嘉義市,桃,NULL
2018,福建省,桃,NULL
2018,金門縣,桃,NULL
2018,連江縣,桃,NULL
2018,新北市,柿,68.0
2018,台北市,柿,32.0
2018,桃園市,柿,836.0
2018,台中市,柿,64329.0
2018,台南市,柿,22.0
2018,高雄市,柿,169.0
2018,臺灣省,柿,18846.0
2018,宜蘭縣,柿,230.0
2018,新竹縣,柿,3133.0
2018,苗栗縣,柿,5512.0
2018,彰化縣,柿,26.0
2018,南投縣,柿,1824.0
2018,雲林縣,柿,156.0
2018,嘉義縣,柿,6803.0
2018,屏東縣,柿,1.0
2018,台東縣,柿,872.0
2018,花蓮縣,柿,289.0
2018,澎湖縣,柿,NULL
2018,基隆市,柿,NULL
2018,新竹市,柿,NULL
2018,嘉義市,柿,NULL
2018,福建省,柿,NULL
2018,金門縣,柿,NULL
2018,連江縣,柿,NULL
2018,新北市,木瓜,60.0
2018,台北市,木瓜,49.0
2018,桃園市,木瓜,93.0
2018,台中市,木瓜,413.0
2018,台南市,木瓜,38333.0
2018,高雄市,木瓜,14011.0
2018,臺灣省,木瓜,74280.0
2018,宜蘭縣,木瓜,220.0
2018,新竹縣,木瓜,276.0
2018,苗栗縣,木瓜,931.0
2018,彰化縣,木瓜,1503.0
2018,南投縣,木瓜,17686.0
2018,雲林縣,木瓜,10363.0
2018,嘉義縣,木瓜,10060.0
2018,屏東縣,木瓜,30273.0
2018,台東縣,木瓜,1175.0
2018,花蓮縣,木瓜,1153.0
2018,澎湖縣,木瓜,11.0
2018,基隆市,木瓜,NULL
2018,新竹市,木瓜,10.0
2018,嘉義市,木瓜,620.0
2018,福建省,木瓜,5.0
2018,金門縣,木瓜,5.0
2018,連江縣,木瓜,NULL
2018,新北市,蓮霧,1.0
2018,台北市,蓮霧,18.0
2018,桃園市,蓮霧,NULL
2018,台中市,蓮霧,145.0
2018,台南市,蓮霧,333.0
2018,高雄市,蓮霧,6418.0
2018,臺灣省,蓮霧,42024.0
2018,宜蘭縣,蓮霧,1540.0
2018,新竹縣,蓮霧,17.0
2018,苗栗縣,蓮霧,14.0
2018,彰化縣,蓮霧,32.0
2018,南投縣,蓮霧,773.0
2018,雲林縣,蓮霧,201.0
2018,嘉義縣,蓮霧,3861.0
2018,屏東縣,蓮霧,35472.0
2018,台東縣,蓮霧,36.0
2018,花蓮縣,蓮霧,61.0
2018,澎湖縣,蓮霧,NULL
2018,基隆市,蓮霧,3.0
2018,新竹市,蓮霧,NULL
2018,嘉義市,蓮霧,15.0
2018,福建省,蓮霧,NULL
2018,金門縣,蓮霧,NULL
2018,連江縣,蓮霧,NULL
2018,新北市,葡萄,1.0
2018,台北市,葡萄,NULL
2018,桃園市,葡萄,143.0
2018,台中市,葡萄,20056.0
2018,台南市,葡萄,97.0
2018,高雄市,葡萄,184.0
2018,臺灣省,葡萄,77318.0
2018,宜蘭縣,葡萄,26.0
2018,新竹縣,葡萄,9.0
2018,苗栗縣,葡萄,16909.0
2018,彰化縣,葡萄,48326.0
2018,南投縣,葡萄,11653.0
2018,雲林縣,葡萄,55.0
2018,嘉義縣,葡萄,178.0
2018,屏東縣,葡萄,6.0
2018,台東縣,葡萄,156.0
2018,花蓮縣,葡萄,NULL
2018,澎湖縣,葡萄,NULL
2018,基隆市,葡萄,NULL
2018,新竹市,葡萄,NULL
2018,嘉義市,葡萄,NULL
2018,福建省,葡萄,NULL
2018,金門縣,葡萄,NULL
2018,連江縣,葡萄,NULL
2018,新北市,枇杷,NULL
2018,台北市,枇杷,0.0
2018,桃園市,枇杷,53.0
2018,台中市,枇杷,5132.0
2018,台南市,枇杷,0.0
2018,高雄市,枇杷,4.0
2018,臺灣省,枇杷,1911.0
2018,宜蘭縣,枇杷,40.0
2018,新竹縣,枇杷,5.0
2018,苗栗縣,枇杷,280.0
2018,彰化縣,枇杷,0.0
2018,南投縣,枇杷,899.0
2018,雲林縣,枇杷,6.0
2018,嘉義縣,枇杷,4.0
2018,屏東縣,枇杷,NULL
2018,台東縣,枇杷,653.0
2018,花蓮縣,枇杷,22.0
2018,澎湖縣,枇杷,NULL
2018,基隆市,枇杷,NULL
2018,新竹市,枇杷,NULL
2018,嘉義市,枇杷,NULL
2018,福建省,枇杷,NULL
2018,金門縣,枇杷,NULL
2018,連江縣,枇杷,NULL
2018,新北市,梅,2.0
2018,台北市,梅,2.0
2018,桃園市,梅,11.0
2018,台中市,梅,576.0
2018,台南市,梅,2217.0
2018,高雄市,梅,3639.0
2018,臺灣省,梅,10936.0
2018,宜蘭縣,梅,NULL
2018,新竹縣,梅,7.0
2018,苗栗縣,梅,164.0
2018,彰化縣,梅,4.0
2018,南投縣,梅,7580.0
2018,雲林縣,梅,101.0
2018,嘉義縣,梅,322.0
2018,屏東縣,梅,9.0
2018,台東縣,梅,2403.0
2018,花蓮縣,梅,345.0
2018,澎湖縣,梅,NULL
2018,基隆市,梅,NULL
2018,新竹市,梅,NULL
2018,嘉義市,梅,NULL
2018,福建省,梅,NULL
2018,金門縣,梅,NULL
2018,連江縣,梅,NULL
2018,新北市,荔枝,NULL
2018,台北市,荔枝,NULL
2018,桃園市,荔枝,NULL
2018,台中市,荔枝,14796.0
2018,台南市,荔枝,7750.0
2018,高雄市,荔枝,25459.0
2018,臺灣省,荔枝,30662.0
2018,宜蘭縣,荔枝,11.0
2018,新竹縣,荔枝,160.0
2018,苗栗縣,荔枝,222.0
2018,彰化縣,荔枝,6324.0
2018,南投縣,荔枝,12517.0
2018,雲林縣,荔枝,595.0
2018,嘉義縣,荔枝,5488.0
2018,屏東縣,荔枝,4141.0
2018,台東縣,荔枝,641.0
2018,花蓮縣,荔枝,3.0
2018,澎湖縣,荔枝,NULL
2018,基隆市,荔枝,NULL
2018,新竹市,荔枝,153.0
2018,嘉義市,荔枝,406.0
2018,福建省,荔枝,0.0
2018,金門縣,荔枝,0.0
2018,連江縣,荔枝,NULL
2018,新北市,橄欖,NULL
2018,台北市,橄欖,NULL
2018,桃園市,橄欖,7.0
2018,台中市,橄欖,137.0
2018,台南市,橄欖,94.0
2018,高雄市,橄欖,77.0
2018,臺灣省,橄欖,1276.0
2018,宜蘭縣,橄欖,NULL
2018,新竹縣,橄欖,59.0
2018,苗栗縣,橄欖,192.0
2018,彰化縣,橄欖,8.0
2018,南投縣,橄欖,434.0
2018,雲林縣,橄欖,NULL
2018,嘉義縣,橄欖,55.0
2018,屏東縣,橄欖,2.0
2018,台東縣,橄欖,404.0
2018,花蓮縣,橄欖,106.0
2018,澎湖縣,橄欖,NULL
2018,基隆市,橄欖,NULL
2018,新竹市,橄欖,1.0
2018,嘉義市,橄欖,14.0
2018,福建省,橄欖,NULL
2018,金門縣,橄欖,NULL
2018,連江縣,橄欖,NULL
2018,新北市,楊桃,5.0
2018,台北市,楊桃,12.0
2018,桃園市,楊桃,NULL
2018,台中市,楊桃,725.0
2018,台南市,楊桃,4352.0
2018,高雄市,楊桃,114.0
2018,臺灣省,楊桃,3657.0
2018,宜蘭縣,楊桃,173.0
2018,新竹縣,楊桃,42.0
2018,苗栗縣,楊桃,1359.0
2018,彰化縣,楊桃,1225.0
2018,南投縣,楊桃,254.0
2018,雲林縣,楊桃,237.0
2018,嘉義縣,楊桃,123.0
2018,屏東縣,楊桃,163.0
2018,台東縣,楊桃,55.0
2018,花蓮縣,楊桃,25.0
2018,澎湖縣,楊桃,NULL
2018,基隆市,楊桃,NULL
2018,新竹市,楊桃,NULL
2018,嘉義市,楊桃,NULL
2018,福建省,楊桃,0.0
2018,金門縣,楊桃,0.0
2018,連江縣,楊桃,NULL
2018,新北市,梨,85.0
2018,台北市,梨,2.0
2018,桃園市,梨,96.0
2018,台中市,梨,78215.0
2018,台南市,梨,43.0
2018,高雄市,梨,183.0
2018,臺灣省,梨,40025.0
2018,宜蘭縣,梨,1164.0
2018,新竹縣,梨,2397.0
2018,苗栗縣,梨,33074.0
2018,彰化縣,梨,562.0
2018,南投縣,梨,570.0
2018,雲林縣,梨,30.0
2018,嘉義縣,梨,1798.0
2018,屏東縣,梨,23.0
2018,台東縣,梨,227.0
2018,花蓮縣,梨,174.0
2018,澎湖縣,梨,NULL
2018,基隆市,梨,NULL
2018,新竹市,梨,8.0
2018,嘉義市,梨,NULL
2018,福建省,梨,NULL
2018,金門縣,梨,NULL
2018,連江縣,梨,NULL
2018,新北市,蘋果,NULL
2018,台北市,蘋果,NULL
2018,桃園市,蘋果,NULL
2018,台中市,蘋果,1119.0
2018,台南市,蘋果,NULL
2018,高雄市,蘋果,7.0
2018,臺灣省,蘋果,493.0
2018,宜蘭縣,蘋果,NULL
2018,新竹縣,蘋果,NULL
2018,苗栗縣,蘋果,NULL
2018,彰化縣,蘋果,NULL
2018,南投縣,蘋果,492.0
2018,雲林縣,蘋果,NULL
2018,嘉義縣,蘋果,1.0
2018,屏東縣,蘋果,NULL
2018,台東縣,蘋果,NULL
2018,花蓮縣,蘋果,NULL
2018,澎湖縣,蘋果,NULL
2018,基隆市,蘋果,NULL
2018,新竹市,蘋果,NULL
2018,嘉義市,蘋果,NULL
2018,福建省,蘋果,0.0
2018,金門縣,蘋果,0.0
2018,連江縣,蘋果,NULL
2018,新北市,棗,NULL
2018,台北市,棗,NULL
2018,桃園市,棗,1.0
2018,台中市,棗,103.0
2018,台南市,棗,4442.0
2018,高雄市,棗,15161.0
2018,臺灣省,棗,13094.0
2018,宜蘭縣,棗,21.0
2018,新竹縣,棗,3.0
2018,苗栗縣,棗,1107.0
2018,彰化縣,棗,43.0
2018,南投縣,棗,133.0
2018,雲林縣,棗,344.0
2018,嘉義縣,棗,862.0
2018,屏東縣,棗,10513.0
2018,台東縣,棗,33.0
2018,花蓮縣,棗,27.0
2018,澎湖縣,棗,NULL
2018,基隆市,棗,NULL
2018,新竹市,棗,NULL
2018,嘉義市,棗,8.0
2018,福建省,棗,0.0
2018,金門縣,棗,0.0
2018,連江縣,棗,NULL
2018,新北市,番荔枝,1.0
2018,台北市,番荔枝,NULL
2018,桃園市,番荔枝,2.0
2018,台中市,番荔枝,481.0
2018,台南市,番荔枝,1409.0
2018,高雄市,番荔枝,89.0
2018,臺灣省,番荔枝,57133.0
2018,宜蘭縣,番荔枝,43.0
2018,新竹縣,番荔枝,NULL
2018,苗栗縣,番荔枝,8.0
2018,彰化縣,番荔枝,341.0
2018,南投縣,番荔枝,182.0
2018,雲林縣,番荔枝,113.0
2018,嘉義縣,番荔枝,75.0
2018,屏東縣,番荔枝,427.0
2018,台東縣,番荔枝,55617.0
2018,花蓮縣,番荔枝,326.0
2018,澎湖縣,番荔枝,3.0
2018,基隆市,番荔枝,NULL
2018,新竹市,番荔枝,NULL
2018,嘉義市,番荔枝,NULL
2018,福建省,番荔枝,NULL
2018,金門縣,番荔枝,NULL
2018,連江縣,番荔枝,NULL
2018,新北市,百香果,30.0
2018,台北市,百香果,19.0
2018,桃園市,百香果,17.0
2018,台中市,百香果,882.0
2018,台南市,百香果,188.0
2018,高雄市,百香果,191.0
2018,臺灣省,百香果,24249.0
2018,宜蘭縣,百香果,65.0
2018,新竹縣,百香果,21.0
2018,苗栗縣,百香果,292.0
2018,彰化縣,百香果,157.0
2018,南投縣,百香果,22733.0
2018,雲林縣,百香果,299.0
2018,嘉義縣,百香果,219.0
2018,屏東縣,百香果,141.0
2018,台東縣,百香果,212.0
2018,花蓮縣,百香果,108.0
2018,澎湖縣,百香果,NULL
2018,基隆市,百香果,1.0
2018,新竹市,百香果,NULL
2018,嘉義市,百香果,NULL
2018,福建省,百香果,2.0
2018,金門縣,百香果,2.0
2018,連江縣,百香果,NULL
2018,新北市,可可椰子,NULL
2018,台北市,可可椰子,NULL
2018,桃園市,可可椰子,NULL
2018,台中市,可可椰子,2.0
2018,台南市,可可椰子,2046.0
2018,高雄市,可可椰子,4344.0
2018,臺灣省,可可椰子,13169.0
2018,宜蘭縣,可可椰子,1.0
2018,新竹縣,可可椰子,NULL
2018,苗栗縣,可可椰子,NULL
2018,彰化縣,可可椰子,1.0
2018,南投縣,可可椰子,15.0
2018,雲林縣,可可椰子,16.0
2018,嘉義縣,可可椰子,78.0
2018,屏東縣,可可椰子,7271.0
2018,台東縣,可可椰子,5545.0
2018,花蓮縣,可可椰子,236.0
2018,澎湖縣,可可椰子,NULL
2018,基隆市,可可椰子,NULL
2018,新竹市,可可椰子,NULL
2018,嘉義市,可可椰子,7.0
2018,福建省,可可椰子,NULL
2018,金門縣,可可椰子,NULL
2018,連江縣,可可椰子,NULL
2018,新北市,其他水果,514.0
2018,台北市,其他水果,105.0
2018,桃園市,其他水果,882.0
2018,台中市,其他水果,3492.0
2018,台南市,其他水果,14986.0
2018,高雄市,其他水果,4444.0
2018,臺灣省,其他水果,63534.0
2018,宜蘭縣,其他水果,1740.0
2018,新竹縣,其他水果,804.0
2018,苗栗縣,其他水果,2030.0
2018,彰化縣,其他水果,13519.0
2018,南投縣,其他水果,13412.0
2018,雲林縣,其他水果,4048.0
2018,嘉義縣,其他水果,8158.0
2018,屏東縣,其他水果,12156.0
2018,台東縣,其他水果,5197.0
2018,花蓮縣,其他水果,1726.0
2018,澎湖縣,其他水果,210.0
2018,基隆市,其他水果,9.0
2018,新竹市,其他水果,47.0
2018,嘉義市,其他水果,478.0
2018,福建省,其他水果,117.0
2018,金門縣,其他水果,117.0
2018,連江縣,其他水果,NULL
2017,新北市,香蕉,1217.902
2017,台北市,香蕉,181.182
2017,桃園市,香蕉,692.87
2017,台中市,香蕉,9251.577
2017,台南市,香蕉,23967.157
2017,高雄市,香蕉,47549.639
2017,宜蘭縣,香蕉,1234.819
2017,新竹縣,香蕉,1700.188
2017,苗栗縣,香蕉,2626.987
2017,彰化縣,香蕉,3295.307
2017,南投縣,香蕉,56335.336
2017,雲林縣,香蕉,17414.545
2017,嘉義縣,香蕉,66710.595
2017,屏東縣,香蕉,101406.926
2017,台東縣,香蕉,12299.014
2017,花蓮縣,香蕉,9013.2
2017,澎湖縣,香蕉,42.398
2017,基隆市,香蕉,45.297
2017,新竹市,香蕉,105.058
2017,嘉義市,香蕉,912.3
2017,金門縣,香蕉,14.65
2017,連江縣,香蕉,0.0
2017,新北市,鳳梨,27.825
2017,台北市,鳳梨,0.0
2017,桃園市,鳳梨,0.0
2017,台中市,鳳梨,5194.492
2017,台南市,鳳梨,75208.631
2017,高雄市,鳳梨,60343.436
2017,宜蘭縣,鳳梨,1281.56
2017,新竹縣,鳳梨,2.8
2017,苗栗縣,鳳梨,28.087
2017,彰化縣,鳳梨,12836.02
2017,南投縣,鳳梨,81908.498
2017,雲林縣,鳳梨,49671.854
2017,嘉義縣,鳳梨,70297.839
2017,屏東縣,鳳梨,171008.399
2017,台東縣,鳳梨,13070.335
2017,花蓮縣,鳳梨,9538.062
2017,澎湖縣,鳳梨,35.37
2017,基隆市,鳳梨,0.0
2017,新竹市,鳳梨,0.0
2017,嘉義市,鳳梨,3077.616
2017,金門縣,鳳梨,0.0
2017,連江縣,鳳梨,0.0
2017,新北市,椪柑,8.373
2017,台北市,椪柑,51.112
2017,桃園市,椪柑,28.08
2017,台中市,椪柑,26758.037
2017,台南市,椪柑,26614.326
2017,高雄市,椪柑,11.764
2017,宜蘭縣,椪柑,135.449
2017,新竹縣,椪柑,4262.027
2017,苗栗縣,椪柑,13162.624
2017,彰化縣,椪柑,137.618
2017,南投縣,椪柑,644.257
2017,雲林縣,椪柑,13547.92
2017,嘉義縣,椪柑,40980.3
2017,屏東縣,椪柑,0.0
2017,台東縣,椪柑,407.56
2017,花蓮縣,椪柑,287.541
2017,澎湖縣,椪柑,0.0
2017,基隆市,椪柑,0.0
2017,新竹市,椪柑,0.0
2017,嘉義市,椪柑,8.16
2017,金門縣,椪柑,0.0
2017,連江縣,椪柑,0.0
2017,新北市,柳橙,53.767
2017,台北市,柳橙,19.122
2017,桃園市,柳橙,14.655
2017,台中市,柳橙,484.955
2017,台南市,柳橙,50328.13
2017,高雄市,柳橙,201.378
2017,宜蘭縣,柳橙,773.108
2017,新竹縣,柳橙,1376.836
2017,苗栗縣,柳橙,197.645
2017,彰化縣,柳橙,584.715
2017,南投縣,柳橙,13634.597
2017,雲林縣,柳橙,60456.649
2017,嘉義縣,柳橙,23795.251
2017,屏東縣,柳橙,62.25
2017,台東縣,柳橙,427.705
2017,花蓮縣,柳橙,396.095
2017,澎湖縣,柳橙,0.0
2017,基隆市,柳橙,0.0
2017,新竹市,柳橙,0.0
2017,嘉義市,柳橙,1159.2
2017,金門縣,柳橙,0.426
2017,連江縣,柳橙,0.0
2017,新北市,桶柑,762.521
2017,台北市,桶柑,300.565
2017,桃園市,桶柑,954.37
2017,台中市,桶柑,10064.703
2017,台南市,桶柑,13.44
2017,高雄市,桶柑,3.719
2017,宜蘭縣,桶柑,2191.381
2017,新竹縣,桶柑,27525.397
2017,苗栗縣,桶柑,11675.42
2017,彰化縣,桶柑,7.11
2017,南投縣,桶柑,114.162
2017,雲林縣,桶柑,0.0
2017,嘉義縣,桶柑,172.264
2017,屏東縣,桶柑,0.0
2017,台東縣,桶柑,2620.795
2017,花蓮縣,桶柑,470.42
2017,澎湖縣,桶柑,0.0
2017,基隆市,桶柑,15.246
2017,新竹市,桶柑,18.972
2017,嘉義市,桶柑,0.0
2017,金門縣,桶柑,0.0
2017,連江縣,桶柑,0.0
2017,新北市,文旦柚,6966.285
2017,台北市,文旦柚,96.916
2017,桃園市,文旦柚,279.6
2017,台中市,文旦柚,1448.952
2017,台南市,文旦柚,25623.808
2017,高雄市,文旦柚,190.233
2017,宜蘭縣,文旦柚,2950.489
2017,新竹縣,文旦柚,806.044
2017,苗栗縣,文旦柚,6673.913
2017,彰化縣,文旦柚,935.503
2017,南投縣,文旦柚,1855.804
2017,雲林縣,文旦柚,4796.839
2017,嘉義縣,文旦柚,2406.603
2017,屏東縣,文旦柚,23.651
2017,台東縣,文旦柚,1570.91
2017,花蓮縣,文旦柚,21361.214
2017,澎湖縣,文旦柚,0.0
2017,基隆市,文旦柚,113.292
2017,新竹市,文旦柚,90.065
2017,嘉義市,文旦柚,49.665
2017,金門縣,文旦柚,0.884
2017,連江縣,文旦柚,0.0
2017,新北市,斗柚,28.799
2017,台北市,斗柚,23.2
2017,桃園市,斗柚,0.0
2017,台中市,斗柚,25.933
2017,台南市,斗柚,0.0
2017,高雄市,斗柚,0.0
2017,宜蘭縣,斗柚,54.725
2017,新竹縣,斗柚,54.6
2017,苗栗縣,斗柚,105.53
2017,彰化縣,斗柚,1.9
2017,南投縣,斗柚,5.94
2017,雲林縣,斗柚,0.0
2017,嘉義縣,斗柚,135.472
2017,屏東縣,斗柚,0.0
2017,台東縣,斗柚,126.753
2017,花蓮縣,斗柚,145.996
2017,澎湖縣,斗柚,0.0
2017,基隆市,斗柚,1.56
2017,新竹市,斗柚,13.243
2017,嘉義市,斗柚,0.0
2017,金門縣,斗柚,0.0
2017,連江縣,斗柚,0.0
2017,新北市,白柚,101.201
2017,台北市,白柚,53.692
2017,桃園市,白柚,1.0
2017,台中市,白柚,73.852
2017,台南市,白柚,5690.493
2017,高雄市,白柚,124.666
2017,宜蘭縣,白柚,79.83
2017,新竹縣,白柚,10.08
2017,苗栗縣,白柚,858.921
2017,彰化縣,白柚,1160.32
2017,南投縣,白柚,394.782
2017,雲林縣,白柚,621.552
2017,嘉義縣,白柚,993.198
2017,屏東縣,白柚,46.361
2017,台東縣,白柚,932.28
2017,花蓮縣,白柚,318.393
2017,澎湖縣,白柚,0.0
2017,基隆市,白柚,0.0
2017,新竹市,白柚,19.845
2017,嘉義市,白柚,180.9
2017,金門縣,白柚,0.448
2017,連江縣,白柚,0.0
2017,新北市,溫州蜜柑,0.0
2017,台北市,溫州蜜柑,0.0
2017,桃園市,溫州蜜柑,0.0
2017,台中市,溫州蜜柑,105.61
2017,台南市,溫州蜜柑,0.0
2017,高雄市,溫州蜜柑,0.0
2017,宜蘭縣,溫州蜜柑,17.738
2017,新竹縣,溫州蜜柑,0.0
2017,苗栗縣,溫州蜜柑,10.06
2017,彰化縣,溫州蜜柑,6.83
2017,南投縣,溫州蜜柑,0.0
2017,雲林縣,溫州蜜柑,0.0
2017,嘉義縣,溫州蜜柑,8.876
2017,屏東縣,溫州蜜柑,0.0
2017,台東縣,溫州蜜柑,31.032
2017,花蓮縣,溫州蜜柑,10.12
2017,澎湖縣,溫州蜜柑,0.0
2017,基隆市,溫州蜜柑,0.0
2017,新竹市,溫州蜜柑,0.0
2017,嘉義市,溫州蜜柑,0.0
2017,金門縣,溫州蜜柑,0.0
2017,連江縣,溫州蜜柑,0.0
2017,新北市,晚崙西亞橙,0.0
2017,台北市,晚崙西亞橙,0.0
2017,桃園市,晚崙西亞橙,0.0
2017,台中市,晚崙西亞橙,0.0
2017,台南市,晚崙西亞橙,0.0
2017,高雄市,晚崙西亞橙,0.0
2017,宜蘭縣,晚崙西亞橙,2.5
2017,新竹縣,晚崙西亞橙,0.0
2017,苗栗縣,晚崙西亞橙,0.0
2017,彰化縣,晚崙西亞橙,0.0
2017,南投縣,晚崙西亞橙,0.0
2017,雲林縣,晚崙西亞橙,0.0
2017,嘉義縣,晚崙西亞橙,0.0
2017,屏東縣,晚崙西亞橙,0.0
2017,台東縣,晚崙西亞橙,1193.594
2017,花蓮縣,晚崙西亞橙,112.574
2017,澎湖縣,晚崙西亞橙,0.0
2017,基隆市,晚崙西亞橙,0.0
2017,新竹市,晚崙西亞橙,0.0
2017,嘉義市,晚崙西亞橙,0.0
2017,金門縣,晚崙西亞橙,0.0
2017,連江縣,晚崙西亞橙,0.0
2017,新北市,檸檬,1.389
2017,台北市,檸檬,2.52
2017,桃園市,檸檬,19.104
2017,台中市,檸檬,525.577
2017,台南市,檸檬,775.2
2017,高雄市,檸檬,3510.015
2017,宜蘭縣,檸檬,109.473
2017,新竹縣,檸檬,39.475
2017,苗栗縣,檸檬,19.029
2017,彰化縣,檸檬,787.021
2017,南投縣,檸檬,2199.735
2017,雲林縣,檸檬,421.049
2017,嘉義縣,檸檬,1169.978
2017,屏東縣,檸檬,25353.757
2017,台東縣,檸檬,1253.708
2017,花蓮縣,檸檬,349.878
2017,澎湖縣,檸檬,0.8
2017,基隆市,檸檬,0.0
2017,新竹市,檸檬,1.173
2017,嘉義市,檸檬,33.616
2017,金門縣,檸檬,2.175
2017,連江縣,檸檬,0.0
2017,新北市,葡萄柚,71.423
2017,台北市,葡萄柚,10.537
2017,桃園市,葡萄柚,0.0
2017,台中市,葡萄柚,31.761
2017,台南市,葡萄柚,342.203
2017,高雄市,葡萄柚,29.515
2017,宜蘭縣,葡萄柚,48.629
2017,新竹縣,葡萄柚,84.103
2017,苗栗縣,葡萄柚,34.39
2017,彰化縣,葡萄柚,59.456
2017,南投縣,葡萄柚,45.492
2017,雲林縣,葡萄柚,2008.016
2017,嘉義縣,葡萄柚,4441.63
2017,屏東縣,葡萄柚,253.282
2017,台東縣,葡萄柚,216.037
2017,花蓮縣,葡萄柚,769.862
2017,澎湖縣,葡萄柚,0.0
2017,基隆市,葡萄柚,0.0
2017,新竹市,葡萄柚,31.65
2017,嘉義市,葡萄柚,371.82
2017,金門縣,葡萄柚,0.0
2017,連江縣,葡萄柚,0.0
2017,新北市,其他雜柑類,17.388
2017,台北市,其他雜柑類,19.723
2017,桃園市,其他雜柑類,36.518
2017,台中市,其他雜柑類,7350.221
2017,台南市,其他雜柑類,848.786
2017,高雄市,其他雜柑類,594.33
2017,宜蘭縣,其他雜柑類,5275.135
2017,新竹縣,其他雜柑類,12398.646
2017,苗栗縣,其他雜柑類,7057.253
2017,彰化縣,其他雜柑類,1228.469
2017,南投縣,其他雜柑類,2182.337
2017,雲林縣,其他雜柑類,8551.944
2017,嘉義縣,其他雜柑類,5009.878
2017,屏東縣,其他雜柑類,2658.317
2017,台東縣,其他雜柑類,2354.651
2017,花蓮縣,其他雜柑類,2742.662
2017,澎湖縣,其他雜柑類,0.0
2017,基隆市,其他雜柑類,0.232
2017,新竹市,其他雜柑類,7.92
2017,嘉義市,其他雜柑類,0.0
2017,金門縣,其他雜柑類,0.0
2017,連江縣,其他雜柑類,0.0
2017,新北市,龍眼,1.77
2017,台北市,龍眼,19.436
2017,桃園市,龍眼,0.95
2017,台中市,龍眼,16930.265
2017,台南市,龍眼,23408.936
2017,高雄市,龍眼,5766.617
2017,宜蘭縣,龍眼,96.807
2017,新竹縣,龍眼,67.976
2017,苗栗縣,龍眼,488.325
2017,彰化縣,龍眼,4969.595
2017,南投縣,龍眼,9426.573
2017,雲林縣,龍眼,209.298
2017,嘉義縣,龍眼,6335.959
2017,屏東縣,龍眼,96.642
2017,台東縣,龍眼,197.734
2017,花蓮縣,龍眼,149.174
2017,澎湖縣,龍眼,0.0
2017,基隆市,龍眼,0.0
2017,新竹市,龍眼,4.805
2017,嘉義市,龍眼,371.089
2017,金門縣,龍眼,2.982
2017,連江縣,龍眼,0.0
2017,新北市,芒果,5.835
2017,台北市,芒果,0.0
2017,桃園市,芒果,3.736
2017,台中市,芒果,1019.539
2017,台南市,芒果,77098.585
2017,高雄市,芒果,16350.366
2017,宜蘭縣,芒果,95.966
2017,新竹縣,芒果,15.08
2017,苗栗縣,芒果,113.509
2017,彰化縣,芒果,1269.376
2017,南投縣,芒果,1073.461
2017,雲林縣,芒果,964.567
2017,嘉義縣,芒果,3571.038
2017,屏東縣,芒果,45642.858
2017,台東縣,芒果,2651.899
2017,花蓮縣,芒果,368.973
2017,澎湖縣,芒果,0.0
2017,基隆市,芒果,0.45
2017,新竹市,芒果,3.672
2017,嘉義市,芒果,310.032
2017,金門縣,芒果,0.0
2017,連江縣,芒果,0.0
2017,新北市,檳榔,2117.141
2017,台北市,檳榔,29.965
2017,桃園市,檳榔,52.992
2017,台中市,檳榔,3631.347
2017,台南市,檳榔,1425.106
2017,高雄市,檳榔,1759.915
2017,宜蘭縣,檳榔,333.132
2017,新竹縣,檳榔,654.92
2017,苗栗縣,檳榔,838.789
2017,彰化縣,檳榔,246.658
2017,南投縣,檳榔,31051.062
2017,雲林縣,檳榔,1904.601
2017,嘉義縣,檳榔,15955.171
2017,屏東縣,檳榔,31469.559
2017,台東縣,檳榔,3364.585
2017,花蓮縣,檳榔,7199.056
2017,澎湖縣,檳榔,0.0
2017,基隆市,檳榔,7.194
2017,新竹市,檳榔,0.46
2017,嘉義市,檳榔,123.252
2017,金門縣,檳榔,0.0
2017,連江縣,檳榔,0.0
2017,新北市,番石榴,597.838
2017,台北市,番石榴,31.781
2017,桃園市,番石榴,157.902
2017,台中市,番石榴,2177.82
2017,台南市,番石榴,32535.077
2017,高雄市,番石榴,66927.625
2017,宜蘭縣,番石榴,3211.353
2017,新竹縣,番石榴,324.96
2017,苗栗縣,番石榴,663.649
2017,彰化縣,番石榴,33771.159
2017,南投縣,番石榴,4046.392
2017,雲林縣,番石榴,6059.548
2017,嘉義縣,番石榴,6699.523
2017,屏東縣,番石榴,12913.209
2017,台東縣,番石榴,1407.713
2017,花蓮縣,番石榴,1101.617
2017,澎湖縣,番石榴,30.828
2017,基隆市,番石榴,0.889
2017,新竹市,番石榴,52.938
2017,嘉義市,番石榴,253.613
2017,金門縣,番石榴,16.35
2017,連江縣,番石榴,0.0
2017,新北市,李,12.491
2017,台北市,李,0.0
2017,桃園市,李,20.595
2017,台中市,李,2516.948
2017,台南市,李,7.695
2017,高雄市,李,514.075
2017,宜蘭縣,李,584.421
2017,新竹縣,李,269.862
2017,苗栗縣,李,4464.733
2017,彰化縣,李,2.4
2017,南投縣,李,1864.082
2017,雲林縣,李,2.15
2017,嘉義縣,李,119.184
2017,屏東縣,李,56.364
2017,台東縣,李,1929.161
2017,花蓮縣,李,423.248
2017,澎湖縣,李,0.0
2017,基隆市,李,0.0
2017,新竹市,李,0.0
2017,嘉義市,李,0.0
2017,金門縣,李,0.0
2017,連江縣,李,0.0
2017,新北市,桃,31.66
2017,台北市,桃,3.64
2017,桃園市,桃,2266.38
2017,台中市,桃,15930.061
2017,台南市,桃,13.742
2017,高雄市,桃,280.794
2017,宜蘭縣,桃,356.011
2017,新竹縣,桃,1545.485
2017,苗栗縣,桃,660.686
2017,彰化縣,桃,82.256
2017,南投縣,桃,1147.44
2017,雲林縣,桃,24.778
2017,嘉義縣,桃,305.561
2017,屏東縣,桃,44.432
2017,台東縣,桃,283.122
2017,花蓮縣,桃,278.289
2017,澎湖縣,桃,0.0
2017,基隆市,桃,0.07
2017,新竹市,桃,0.087
2017,嘉義市,桃,0.0
2017,金門縣,桃,0.0
2017,連江縣,桃,0.0
2017,新北市,柿,79.337
2017,台北市,柿,59.027
2017,桃園市,柿,888.96
2017,台中市,柿,42714.903
2017,台南市,柿,23.247
2017,高雄市,柿,194.991
2017,宜蘭縣,柿,217.937
2017,新竹縣,柿,3115.235
2017,苗栗縣,柿,5276.1
2017,彰化縣,柿,25.225
2017,南投縣,柿,2060.759
2017,雲林縣,柿,127.894
2017,嘉義縣,柿,7062.523
2017,屏東縣,柿,7.004
2017,台東縣,柿,921.067
2017,花蓮縣,柿,341.274
2017,澎湖縣,柿,0.0
2017,基隆市,柿,0.0
2017,新竹市,柿,0.0
2017,嘉義市,柿,0.0
2017,金門縣,柿,0.0
2017,連江縣,柿,0.0
2017,新北市,木瓜,56.671
2017,台北市,木瓜,56.256
2017,桃園市,木瓜,99.084
2017,台中市,木瓜,399.786
2017,台南市,木瓜,37011.703
2017,高雄市,木瓜,14307.639
2017,宜蘭縣,木瓜,191.254
2017,新竹縣,木瓜,336.478
2017,苗栗縣,木瓜,941.398
2017,彰化縣,木瓜,1468.489
2017,南投縣,木瓜,15939.903
2017,雲林縣,木瓜,8731.61
2017,嘉義縣,木瓜,12208.646
2017,屏東縣,木瓜,31241.507
2017,台東縣,木瓜,1106.575
2017,花蓮縣,木瓜,961.26
2017,澎湖縣,木瓜,10.2
2017,基隆市,木瓜,0.0
2017,新竹市,木瓜,8.798
2017,嘉義市,木瓜,438.84
2017,金門縣,木瓜,4.94
2017,連江縣,木瓜,0.0
2017,新北市,蓮霧,10.108
2017,台北市,蓮霧,19.066
2017,桃園市,蓮霧,3.2
2017,台中市,蓮霧,149.051
2017,台南市,蓮霧,327.2
2017,高雄市,蓮霧,5040.343
2017,宜蘭縣,蓮霧,1827.34
2017,新竹縣,蓮霧,17.86
2017,苗栗縣,蓮霧,13.836
2017,彰化縣,蓮霧,45.467
2017,南投縣,蓮霧,737.941
2017,雲林縣,蓮霧,223.919
2017,嘉義縣,蓮霧,3852.182
2017,屏東縣,蓮霧,37734.671
2017,台東縣,蓮霧,40.831
2017,花蓮縣,蓮霧,96.342
2017,澎湖縣,蓮霧,0.0
2017,基隆市,蓮霧,3.075
2017,新竹市,蓮霧,0.0
2017,嘉義市,蓮霧,15.12
2017,金門縣,蓮霧,0.0
2017,連江縣,蓮霧,0.0
2017,新北市,葡萄,1.08
2017,台北市,葡萄,0.0
2017,桃園市,葡萄,25.4
2017,台中市,葡萄,19719.91
2017,台南市,葡萄,110.372
2017,高雄市,葡萄,187.588
2017,宜蘭縣,葡萄,19.238
2017,新竹縣,葡萄,10.05
2017,苗栗縣,葡萄,18944.227
2017,彰化縣,葡萄,41254.032
2017,南投縣,葡萄,11952.973
2017,雲林縣,葡萄,38.23
2017,嘉義縣,葡萄,185.674
2017,屏東縣,葡萄,4.62
2017,台東縣,葡萄,139.942
2017,花蓮縣,葡萄,8.4
2017,澎湖縣,葡萄,0.0
2017,基隆市,葡萄,0.0
2017,新竹市,葡萄,0.0
2017,嘉義市,葡萄,0.0
2017,金門縣,葡萄,0.0
2017,連江縣,葡萄,0.0
2017,新北市,枇杷,0.0
2017,台北市,枇杷,1.021
2017,桃園市,枇杷,55.08
2017,台中市,枇杷,5007.571
2017,台南市,枇杷,0.168
2017,高雄市,枇杷,0.805
2017,宜蘭縣,枇杷,28.184
2017,新竹縣,枇杷,3.852
2017,苗栗縣,枇杷,245.037
2017,彰化縣,枇杷,0.375
2017,南投縣,枇杷,571.155
2017,雲林縣,枇杷,1.546
2017,嘉義縣,枇杷,3.6
2017,屏東縣,枇杷,1.08
2017,台東縣,枇杷,631.45
2017,花蓮縣,枇杷,25.798
2017,澎湖縣,枇杷,0.0
2017,基隆市,枇杷,0.0
2017,新竹市,枇杷,0.0
2017,嘉義市,枇杷,0.0
2017,金門縣,枇杷,0.0
2017,連江縣,枇杷,0.0
2017,新北市,梅,1.686
2017,台北市,梅,4.842
2017,桃園市,梅,5.46
2017,台中市,梅,658.684
2017,台南市,梅,1478.068
2017,高雄市,梅,3345.206
2017,宜蘭縣,梅,2.431
2017,新竹縣,梅,6.795
2017,苗栗縣,梅,174.921
2017,彰化縣,梅,8.854
2017,南投縣,梅,6221.604
2017,雲林縣,梅,102.44
2017,嘉義縣,梅,345.462
2017,屏東縣,梅,9.18
2017,台東縣,梅,2640.967
2017,花蓮縣,梅,558.548
2017,澎湖縣,梅,0.0
2017,基隆市,梅,0.0
2017,新竹市,梅,0.0
2017,嘉義市,梅,0.0
2017,金門縣,梅,0.0
2017,連江縣,梅,0.0
2017,新北市,荔枝,0.0
2017,台北市,荔枝,0.0
2017,桃園市,荔枝,0.0
2017,台中市,荔枝,13092.038
2017,台南市,荔枝,8006.156
2017,高雄市,荔枝,17842.389
2017,宜蘭縣,荔枝,7.817
2017,新竹縣,荔枝,158.188
2017,苗栗縣,荔枝,202.501
2017,彰化縣,荔枝,4094.042
2017,南投縣,荔枝,7879.636
2017,雲林縣,荔枝,590.404
2017,嘉義縣,荔枝,4712.759
2017,屏東縣,荔枝,2224.388
2017,台東縣,荔枝,707.434
2017,花蓮縣,荔枝,4.546
2017,澎湖縣,荔枝,0.0
2017,基隆市,荔枝,0.0
2017,新竹市,荔枝,131.109
2017,嘉義市,荔枝,142.988
2017,金門縣,荔枝,0.042
2017,連江縣,荔枝,0.0
2017,新北市,橄欖,0.0
2017,台北市,橄欖,0.0
2017,桃園市,橄欖,7.04
2017,台中市,橄欖,129.894
2017,台南市,橄欖,111.372
2017,高雄市,橄欖,92.943
2017,宜蘭縣,橄欖,0.0
2017,新竹縣,橄欖,62.845
2017,苗栗縣,橄欖,218.401
2017,彰化縣,橄欖,3.9
2017,南投縣,橄欖,264.244
2017,雲林縣,橄欖,0.0
2017,嘉義縣,橄欖,47.505
2017,屏東縣,橄欖,3.932
2017,台東縣,橄欖,405.081
2017,花蓮縣,橄欖,126.33
2017,澎湖縣,橄欖,0.0
2017,基隆市,橄欖,0.0
2017,新竹市,橄欖,0.0
2017,嘉義市,橄欖,7.78
2017,金門縣,橄欖,0.0
2017,連江縣,橄欖,0.0
2017,新北市,楊桃,10.883
2017,台北市,楊桃,12.798
2017,桃園市,楊桃,0.0
2017,台中市,楊桃,665.84
2017,台南市,楊桃,5129.605
2017,高雄市,楊桃,120.926
2017,宜蘭縣,楊桃,180.0
2017,新竹縣,楊桃,42.42
2017,苗栗縣,楊桃,1329.237
2017,彰化縣,楊桃,1232.512
2017,南投縣,楊桃,261.715
2017,雲林縣,楊桃,316.632
2017,嘉義縣,楊桃,176.325
2017,屏東縣,楊桃,192.197
2017,台東縣,楊桃,43.9
2017,花蓮縣,楊桃,36.436
2017,澎湖縣,楊桃,0.0
2017,基隆市,楊桃,0.0
2017,新竹市,楊桃,0.0
2017,嘉義市,楊桃,0.0
2017,金門縣,楊桃,0.49
2017,連江縣,楊桃,0.0
2017,新北市,梨,105.43
2017,台北市,梨,2.268
2017,桃園市,梨,111.469
2017,台中市,梨,74450.726
2017,台南市,梨,34.439
2017,高雄市,梨,212.263
2017,宜蘭縣,梨,1149.883
2017,新竹縣,梨,2480.08
2017,苗栗縣,梨,35834.072
2017,彰化縣,梨,503.685
2017,南投縣,梨,442.358
2017,雲林縣,梨,28.811
2017,嘉義縣,梨,1856.38
2017,屏東縣,梨,22.643
2017,台東縣,梨,235.692
2017,花蓮縣,梨,216.376
2017,澎湖縣,梨,0.0
2017,基隆市,梨,0.0
2017,新竹市,梨,7.872
2017,嘉義市,梨,0.0
2017,金門縣,梨,0.0
2017,連江縣,梨,0.0
2017,新北市,蘋果,0.0
2017,台北市,蘋果,0.0
2017,桃園市,蘋果,0.0
2017,台中市,蘋果,1103.666
2017,台南市,蘋果,0.0
2017,高雄市,蘋果,8.19
2017,宜蘭縣,蘋果,0.0
2017,新竹縣,蘋果,0.0
2017,苗栗縣,蘋果,0.0
2017,彰化縣,蘋果,0.0
2017,南投縣,蘋果,338.58
2017,雲林縣,蘋果,0.0
2017,嘉義縣,蘋果,0.525
2017,屏東縣,蘋果,0.0
2017,台東縣,蘋果,0.0
2017,花蓮縣,蘋果,0.0
2017,澎湖縣,蘋果,0.0
2017,基隆市,蘋果,0.0
2017,新竹市,蘋果,0.0
2017,嘉義市,蘋果,0.0
2017,金門縣,蘋果,0.08
2017,連江縣,蘋果,0.0
2017,新北市,棗,0.0
2017,台北市,棗,0.0
2017,桃園市,棗,0.0
2017,台中市,棗,97.331
2017,台南市,棗,5084.485
2017,高雄市,棗,8106.179
2017,宜蘭縣,棗,18.2
2017,新竹縣,棗,2.59
2017,苗栗縣,棗,983.466
2017,彰化縣,棗,53.417
2017,南投縣,棗,326.643
2017,雲林縣,棗,389.113
2017,嘉義縣,棗,866.226
2017,屏東縣,棗,6976.452
2017,台東縣,棗,37.997
2017,花蓮縣,棗,5.52
2017,澎湖縣,棗,0.0
2017,基隆市,棗,0.0
2017,新竹市,棗,0.0
2017,嘉義市,棗,8.4
2017,金門縣,棗,0.2
2017,連江縣,棗,0.0
2017,新北市,番荔枝,1.0
2017,台北市,番荔枝,0.0
2017,桃園市,番荔枝,2.25
2017,台中市,番荔枝,475.022
2017,台南市,番荔枝,1439.314
2017,高雄市,番荔枝,122.612
2017,宜蘭縣,番荔枝,38.087
2017,新竹縣,番荔枝,0.0
2017,苗栗縣,番荔枝,9.319
2017,彰化縣,番荔枝,375.829
2017,南投縣,番荔枝,239.603
2017,雲林縣,番荔枝,109.425
2017,嘉義縣,番荔枝,69.299
2017,屏東縣,番荔枝,469.982
2017,台東縣,番荔枝,49012.904
2017,花蓮縣,番荔枝,449.071
2017,澎湖縣,番荔枝,2.79
2017,基隆市,番荔枝,NULL
2017,新竹市,番荔枝,0.0
2017,嘉義市,番荔枝,NULL
2017,金門縣,番荔枝,0.0
2017,連江縣,番荔枝,0.0
2017,新北市,百香果,33.478
2017,台北市,百香果,14.99
2017,桃園市,百香果,12.342
2017,台中市,百香果,722.782
2017,台南市,百香果,162.48
2017,高雄市,百香果,109.993
2017,宜蘭縣,百香果,41.642
2017,新竹縣,百香果,14.355
2017,苗栗縣,百香果,239.037
2017,彰化縣,百香果,159.08
2017,南投縣,百香果,9294.909
2017,雲林縣,百香果,177.645
2017,嘉義縣,百香果,166.463
2017,屏東縣,百香果,133.994
2017,台東縣,百香果,117.498
2017,花蓮縣,百香果,142.438
2017,澎湖縣,百香果,0.0
2017,基隆市,百香果,0.891
2017,新竹市,百香果,0.0
2017,嘉義市,百香果,0.0
2017,金門縣,百香果,2.72
2017,連江縣,百香果,0.0
2017,新北市,可可椰子,0.0
2017,台北市,可可椰子,0.0
2017,桃園市,可可椰子,0.0
2017,台中市,可可椰子,1.624
2017,台南市,可可椰子,2143.625
2017,高雄市,可可椰子,4619.618
2017,宜蘭縣,可可椰子,1.416
2017,新竹縣,可可椰子,0.0
2017,苗栗縣,可可椰子,0.0
2017,彰化縣,可可椰子,1.152
2017,南投縣,可可椰子,10.828
2017,雲林縣,可可椰子,15.254
2017,嘉義縣,可可椰子,160.596
2017,屏東縣,可可椰子,7555.066
2017,台東縣,可可椰子,5446.839
2017,花蓮縣,可可椰子,385.056
2017,澎湖縣,可可椰子,0.0
2017,基隆市,可可椰子,0.0
2017,新竹市,可可椰子,0.0
2017,嘉義市,可可椰子,7.065
2017,金門縣,可可椰子,0.0
2017,連江縣,可可椰子,0.0
2017,新北市,其他水果,500.721
2017,台北市,其他水果,362.933
2017,桃園市,其他水果,1249.217
2017,台中市,其他水果,3422.16
2017,台南市,其他水果,14694.959
2017,高雄市,其他水果,5085.969
2017,宜蘭縣,其他水果,1485.11
2017,新竹縣,其他水果,938.969
2017,苗栗縣,其他水果,1678.205
2017,彰化縣,其他水果,13196.194
2017,南投縣,其他水果,11802.671
2017,雲林縣,其他水果,4232.386
2017,嘉義縣,其他水果,8422.624
2017,屏東縣,其他水果,11429.514
2017,台東縣,其他水果,4963.703
2017,花蓮縣,其他水果,1519.231
2017,澎湖縣,其他水果,235.963
2017,基隆市,其他水果,7.054
2017,新竹市,其他水果,41.02
2017,嘉義市,其他水果,475.329
2017,金門縣,其他水果,37.227
2017,連江縣,其他水果,0.0
2016,新北市,香蕉,973.892
2016,台北市,香蕉,148.295
2016,桃園市,香蕉,457.091
2016,台中市,香蕉,7954.246
2016,台南市,香蕉,16875.205
2016,高雄市,香蕉,35673.648
2016,宜蘭縣,香蕉,1147.26
2016,新竹縣,香蕉,1376.294
2016,苗栗縣,香蕉,1849.327
2016,彰化縣,香蕉,2717.732
2016,南投縣,香蕉,42572.87
2016,雲林縣,香蕉,12828.672
2016,嘉義縣,香蕉,53659.386
2016,屏東縣,香蕉,58146.593
2016,台東縣,香蕉,6825.299
2016,花蓮縣,香蕉,13533.599
2016,澎湖縣,香蕉,30.342
2016,基隆市,香蕉,43.575
2016,新竹市,香蕉,78.488
2016,嘉義市,香蕉,652.815
2016,金門縣,香蕉,14.045
2016,連江縣,香蕉,0.0
2016,新北市,鳳梨,28.775
2016,台北市,鳳梨,0.0
2016,桃園市,鳳梨,0.42
2016,台中市,鳳梨,4986.08
2016,台南市,鳳梨,73961.998
2016,高雄市,鳳梨,54579.235
2016,宜蘭縣,鳳梨,1117.315
2016,新竹縣,鳳梨,5.78
2016,苗栗縣,鳳梨,21.811
2016,彰化縣,鳳梨,12490.045
2016,南投縣,鳳梨,85593.116
2016,雲林縣,鳳梨,46241.642
2016,嘉義縣,鳳梨,62498.514
2016,屏東縣,鳳梨,161324.848
2016,台東縣,鳳梨,12317.432
2016,花蓮縣,鳳梨,9118.024
2016,澎湖縣,鳳梨,5.67
2016,基隆市,鳳梨,0.0
2016,新竹市,鳳梨,0.0
2016,嘉義市,鳳梨,2870.054
2016,金門縣,鳳梨,0.0
2016,連江縣,鳳梨,0.0
2016,新北市,椪柑,10.819
2016,台北市,椪柑,43.775
2016,桃園市,椪柑,28.08
2016,台中市,椪柑,25560.252
2016,台南市,椪柑,18394.8
2016,高雄市,椪柑,7.014
2016,宜蘭縣,椪柑,114.363
2016,新竹縣,椪柑,4419.108
2016,苗栗縣,椪柑,11547.314
2016,彰化縣,椪柑,102.556
2016,南投縣,椪柑,454.55
2016,雲林縣,椪柑,13737.591
2016,嘉義縣,椪柑,31988.313
2016,屏東縣,椪柑,0.0
2016,台東縣,椪柑,454.277
2016,花蓮縣,椪柑,203.53
2016,澎湖縣,椪柑,0.0
2016,基隆市,椪柑,0.0
2016,新竹市,椪柑,0.0
2016,嘉義市,椪柑,19.872
2016,金門縣,椪柑,0.0
2016,連江縣,椪柑,0.0
2016,新北市,柳橙,51.236
2016,台北市,柳橙,18.965
2016,桃園市,柳橙,15.969
2016,台中市,柳橙,402.509
2016,台南市,柳橙,41602.488
2016,高雄市,柳橙,165.613
2016,宜蘭縣,柳橙,788.842
2016,新竹縣,柳橙,1334.937
2016,苗栗縣,柳橙,148.584
2016,彰化縣,柳橙,569.785
2016,南投縣,柳橙,10321.012
2016,雲林縣,柳橙,61096.276
2016,嘉義縣,柳橙,12784.363
2016,屏東縣,柳橙,48.131
2016,台東縣,柳橙,538.229
2016,花蓮縣,柳橙,340.596
2016,澎湖縣,柳橙,0.77
2016,基隆市,柳橙,0.0
2016,新竹市,柳橙,0.0
2016,嘉義市,柳橙,1100.32
2016,金門縣,柳橙,0.4
2016,連江縣,柳橙,0.0
2016,新北市,桶柑,723.405
2016,台北市,桶柑,363.474
2016,桃園市,桶柑,958.249
2016,台中市,桶柑,8872.758
2016,台南市,桶柑,73.656
2016,高雄市,桶柑,3.719
2016,宜蘭縣,桶柑,2488.566
2016,新竹縣,桶柑,24240.573
2016,苗栗縣,桶柑,10987.078
2016,彰化縣,桶柑,19.69
2016,南投縣,桶柑,101.13
2016,雲林縣,桶柑,18.675
2016,嘉義縣,桶柑,138.508
2016,屏東縣,桶柑,0.0
2016,台東縣,桶柑,2311.056
2016,花蓮縣,桶柑,600.753
2016,澎湖縣,桶柑,0.0
2016,基隆市,桶柑,11.979
2016,新竹市,桶柑,10.647
2016,嘉義市,桶柑,0.0
2016,金門縣,桶柑,0.0
2016,連江縣,桶柑,0.0
2016,新北市,文旦柚,5076.132
2016,台北市,文旦柚,100.979
2016,桃園市,文旦柚,199.137
2016,台中市,文旦柚,1344.424
2016,台南市,文旦柚,22068.456
2016,高雄市,文旦柚,118.541
2016,宜蘭縣,文旦柚,3169.946
2016,新竹縣,文旦柚,714.393
2016,苗栗縣,文旦柚,5782.81
2016,彰化縣,文旦柚,587.727
2016,南投縣,文旦柚,905.482
2016,雲林縣,文旦柚,4685.218
2016,嘉義縣,文旦柚,1947.425
2016,屏東縣,文旦柚,16.656
2016,台東縣,文旦柚,1500.182
2016,花蓮縣,文旦柚,13339.584
2016,澎湖縣,文旦柚,0.0
2016,基隆市,文旦柚,119.442
2016,新竹市,文旦柚,79.685
2016,嘉義市,文旦柚,53.815
2016,金門縣,文旦柚,0.88
2016,連江縣,文旦柚,0.0
2016,新北市,斗柚,19.345
2016,台北市,斗柚,27.55
2016,桃園市,斗柚,0.0
2016,台中市,斗柚,27.6
2016,台南市,斗柚,7.038
2016,高雄市,斗柚,0.0
2016,宜蘭縣,斗柚,42.805
2016,新竹縣,斗柚,37.254
2016,苗栗縣,斗柚,109.385
2016,彰化縣,斗柚,2.09
2016,南投縣,斗柚,6.006
2016,雲林縣,斗柚,0.0
2016,嘉義縣,斗柚,126.112
2016,屏東縣,斗柚,0.0
2016,台東縣,斗柚,115.32
2016,花蓮縣,斗柚,203.905
2016,澎湖縣,斗柚,0.0
2016,基隆市,斗柚,1.8
2016,新竹市,斗柚,13.318
2016,嘉義市,斗柚,0.0
2016,金門縣,斗柚,0.0
2016,連江縣,斗柚,0.0
2016,新北市,白柚,91.265
2016,台北市,白柚,46.16
2016,桃園市,白柚,1.0
2016,台中市,白柚,61.217
2016,台南市,白柚,5271.056
2016,高雄市,白柚,78.813
2016,宜蘭縣,白柚,75.85
2016,新竹縣,白柚,26.55
2016,苗栗縣,白柚,776.947
2016,彰化縣,白柚,1136.283
2016,南投縣,白柚,329.196
2016,雲林縣,白柚,567.415
2016,嘉義縣,白柚,849.55
2016,屏東縣,白柚,14.206
2016,台東縣,白柚,843.379
2016,花蓮縣,白柚,412.475
2016,澎湖縣,白柚,0.0
2016,基隆市,白柚,0.0
2016,新竹市,白柚,19.68
2016,嘉義市,白柚,188.92
2016,金門縣,白柚,0.48
2016,連江縣,白柚,0.0
2016,新北市,溫州蜜柑,0.0
2016,台北市,溫州蜜柑,0.0
2016,桃園市,溫州蜜柑,0.0
2016,台中市,溫州蜜柑,101.878
2016,台南市,溫州蜜柑,6.975
2016,高雄市,溫州蜜柑,0.0
2016,宜蘭縣,溫州蜜柑,14.145
2016,新竹縣,溫州蜜柑,0.0
2016,苗栗縣,溫州蜜柑,10.915
2016,彰化縣,溫州蜜柑,4.716
2016,南投縣,溫州蜜柑,0.0
2016,雲林縣,溫州蜜柑,0.0
2016,嘉義縣,溫州蜜柑,8.305
2016,屏東縣,溫州蜜柑,0.0
2016,台東縣,溫州蜜柑,28.82
2016,花蓮縣,溫州蜜柑,20.0
2016,澎湖縣,溫州蜜柑,0.0
2016,基隆市,溫州蜜柑,0.0
2016,新竹市,溫州蜜柑,0.0
2016,嘉義市,溫州蜜柑,0.0
2016,金門縣,溫州蜜柑,0.0
2016,連江縣,溫州蜜柑,0.0
2016,新北市,晚崙西亞橙,0.0
2016,台北市,晚崙西亞橙,0.0
2016,桃園市,晚崙西亞橙,0.0
2016,台中市,晚崙西亞橙,0.0
2016,台南市,晚崙西亞橙,0.0
2016,高雄市,晚崙西亞橙,0.0
2016,宜蘭縣,晚崙西亞橙,2.0
2016,新竹縣,晚崙西亞橙,0.0
2016,苗栗縣,晚崙西亞橙,0.0
2016,彰化縣,晚崙西亞橙,0.0
2016,南投縣,晚崙西亞橙,0.0
2016,雲林縣,晚崙西亞橙,0.0
2016,嘉義縣,晚崙西亞橙,0.0
2016,屏東縣,晚崙西亞橙,0.0
2016,台東縣,晚崙西亞橙,948.669
2016,花蓮縣,晚崙西亞橙,113.126
2016,澎湖縣,晚崙西亞橙,0.0
2016,基隆市,晚崙西亞橙,0.0
2016,新竹市,晚崙西亞橙,0.0
2016,嘉義市,晚崙西亞橙,0.0
2016,金門縣,晚崙西亞橙,0.0
2016,連江縣,晚崙西亞橙,0.0
2016,新北市,檸檬,1.297
2016,台北市,檸檬,2.17
2016,桃園市,檸檬,19.1
2016,台中市,檸檬,458.796
2016,台南市,檸檬,639.351
2016,高雄市,檸檬,3110.595
2016,宜蘭縣,檸檬,84.6
2016,新竹縣,檸檬,46.2
2016,苗栗縣,檸檬,26.703
2016,彰化縣,檸檬,728.856
2016,南投縣,檸檬,1827.515
2016,雲林縣,檸檬,481.88
2016,嘉義縣,檸檬,1117.135
2016,屏東縣,檸檬,26623.801
2016,台東縣,檸檬,864.433
2016,花蓮縣,檸檬,222.475
2016,澎湖縣,檸檬,0.8
2016,基隆市,檸檬,0.0
2016,新竹市,檸檬,0.0
2016,嘉義市,檸檬,31.35
2016,金門縣,檸檬,2.04
2016,連江縣,檸檬,0.0
2016,新北市,葡萄柚,69.011
2016,台北市,葡萄柚,8.66
2016,桃園市,葡萄柚,0.0
2016,台中市,葡萄柚,30.471
2016,台南市,葡萄柚,399.045
2016,高雄市,葡萄柚,23.975
2016,宜蘭縣,葡萄柚,36.824
2016,新竹縣,葡萄柚,110.089
2016,苗栗縣,葡萄柚,28.719
2016,彰化縣,葡萄柚,49.675
2016,南投縣,葡萄柚,80.238
2016,雲林縣,葡萄柚,2052.584
2016,嘉義縣,葡萄柚,3566.995
2016,屏東縣,葡萄柚,192.778
2016,台東縣,葡萄柚,217.101
2016,花蓮縣,葡萄柚,736.584
2016,澎湖縣,葡萄柚,0.0
2016,基隆市,葡萄柚,0.0
2016,新竹市,葡萄柚,31.65
2016,嘉義市,葡萄柚,391.47
2016,金門縣,葡萄柚,0.0
2016,連江縣,葡萄柚,0.0
2016,新北市,其他雜柑類,17.388
2016,台北市,其他雜柑類,30.348
2016,桃園市,其他雜柑類,37.62
2016,台中市,其他雜柑類,6518.057
2016,台南市,其他雜柑類,871.11
2016,高雄市,其他雜柑類,443.407
2016,宜蘭縣,其他雜柑類,4817.591
2016,新竹縣,其他雜柑類,11999.25
2016,苗栗縣,其他雜柑類,6895.818
2016,彰化縣,其他雜柑類,1175.047
2016,南投縣,其他雜柑類,1882.39
2016,雲林縣,其他雜柑類,8434.24
2016,嘉義縣,其他雜柑類,4042.863
2016,屏東縣,其他雜柑類,2222.016
2016,台東縣,其他雜柑類,2111.908
2016,花蓮縣,其他雜柑類,1863.992
2016,澎湖縣,其他雜柑類,0.0
2016,基隆市,其他雜柑類,0.273
2016,新竹市,其他雜柑類,13.313
2016,嘉義市,其他雜柑類,6.84
2016,金門縣,其他雜柑類,0.0
2016,連江縣,其他雜柑類,0.0
2016,新北市,龍眼,0.87
2016,台北市,龍眼,13.877
2016,桃園市,龍眼,0.95
2016,台中市,龍眼,18520.268
2016,台南市,龍眼,19835.497
2016,高雄市,龍眼,11000.672
2016,宜蘭縣,龍眼,105.587
2016,新竹縣,龍眼,97.82
2016,苗栗縣,龍眼,365.405
2016,彰化縣,龍眼,4506.737
2016,南投縣,龍眼,7927.35
2016,雲林縣,龍眼,168.752
2016,嘉義縣,龍眼,5507.324
2016,屏東縣,龍眼,117.521
2016,台東縣,龍眼,179.037
2016,花蓮縣,龍眼,152.619
2016,澎湖縣,龍眼,0.0
2016,基隆市,龍眼,0.0
2016,新竹市,龍眼,4.826
2016,嘉義市,龍眼,417.595
2016,金門縣,龍眼,3.843
2016,連江縣,龍眼,0.0
2016,新北市,芒果,6.105
2016,台北市,芒果,0.0
2016,桃園市,芒果,3.736
2016,台中市,芒果,890.446
2016,台南市,芒果,47272.563
2016,高雄市,芒果,10610.738
2016,宜蘭縣,芒果,89.352
2016,新竹縣,芒果,7.085
2016,苗栗縣,芒果,89.098
2016,彰化縣,芒果,1262.419
2016,南投縣,芒果,420.945
2016,雲林縣,芒果,880.593
2016,嘉義縣,芒果,2711.77
2016,屏東縣,芒果,39848.238
2016,台東縣,芒果,2053.307
2016,花蓮縣,芒果,382.963
2016,澎湖縣,芒果,0.0
2016,基隆市,芒果,0.36
2016,新竹市,芒果,3.672
2016,嘉義市,芒果,232.982
2016,金門縣,芒果,0.096
2016,連江縣,芒果,0.0
2016,新北市,檳榔,2059.204
2016,台北市,檳榔,23.91
2016,桃園市,檳榔,46.622
2016,台中市,檳榔,3157.99
2016,台南市,檳榔,1333.828
2016,高雄市,檳榔,1459.893
2016,宜蘭縣,檳榔,299.418
2016,新竹縣,檳榔,721.039
2016,苗栗縣,檳榔,870.845
2016,彰化縣,檳榔,245.605
2016,南投縣,檳榔,31094.49
2016,雲林縣,檳榔,1911.825
2016,嘉義縣,檳榔,15147.743
2016,屏東縣,檳榔,30754.808
2016,台東縣,檳榔,3187.238
2016,花蓮縣,檳榔,7556.396
2016,澎湖縣,檳榔,0.0
2016,基隆市,檳榔,7.194
2016,新竹市,檳榔,0.46
2016,嘉義市,檳榔,113.454
2016,金門縣,檳榔,0.0
2016,連江縣,檳榔,0.0
2016,新北市,番石榴,588.132
2016,台北市,番石榴,48.529
2016,桃園市,番石榴,139.038
2016,台中市,番石榴,1750.441
2016,台南市,番石榴,28155.115
2016,高雄市,番石榴,45082.392
2016,宜蘭縣,番石榴,3125.214
2016,新竹縣,番石榴,262.22
2016,苗栗縣,番石榴,655.118
2016,彰化縣,番石榴,29137.465
2016,南投縣,番石榴,3624.099
2016,雲林縣,番石榴,5872.156
2016,嘉義縣,番石榴,4967.294
2016,屏東縣,番石榴,7132.724
2016,台東縣,番石榴,1080.973
2016,花蓮縣,番石榴,1042.449
2016,澎湖縣,番石榴,33.657
2016,基隆市,番石榴,0.875
2016,新竹市,番石榴,60.989
2016,嘉義市,番石榴,302.542
2016,金門縣,番石榴,13.86
2016,連江縣,番石榴,0.0
2016,新北市,李,32.367
2016,台北市,李,0.0
2016,桃園市,李,21.095
2016,台中市,李,2484.004
2016,台南市,李,7.29
2016,高雄市,李,1202.944
2016,宜蘭縣,李,1032.226
2016,新竹縣,李,258.978
2016,苗栗縣,李,4036.595
2016,彰化縣,李,4.0
2016,南投縣,李,2028.072
2016,雲林縣,李,2.0
2016,嘉義縣,李,99.164
2016,屏東縣,李,43.045
2016,台東縣,李,1821.254
2016,花蓮縣,李,653.915
2016,澎湖縣,李,0.0
2016,基隆市,李,0.0
2016,新竹市,李,0.0
2016,嘉義市,李,0.0
2016,金門縣,李,0.0
2016,連江縣,李,0.0
2016,新北市,桃,34.91
2016,台北市,桃,3.0
2016,桃園市,桃,2372.12
2016,台中市,桃,14593.304
2016,台南市,桃,19.166
2016,高雄市,桃,597.344
2016,宜蘭縣,桃,454.187
2016,新竹縣,桃,1403.251
2016,苗栗縣,桃,728.205
2016,彰化縣,桃,86.692
2016,南投縣,桃,1166.611
2016,雲林縣,桃,32.718
2016,嘉義縣,桃,319.748
2016,屏東縣,桃,44.362
2016,台東縣,桃,307.287
2016,花蓮縣,桃,266.55
2016,澎湖縣,桃,0.0
2016,基隆市,桃,0.065
2016,新竹市,桃,0.087
2016,嘉義市,桃,0.0
2016,金門縣,桃,0.096
2016,連江縣,桃,0.0
2016,新北市,柿,83.761
2016,台北市,柿,38.896
2016,桃園市,柿,912.96
2016,台中市,柿,41900.171
2016,台南市,柿,24.113
2016,高雄市,柿,179.969
2016,宜蘭縣,柿,233.41
2016,新竹縣,柿,2621.031
2016,苗栗縣,柿,5485.749
2016,彰化縣,柿,19.544
2016,南投縣,柿,1984.172
2016,雲林縣,柿,131.363
2016,嘉義縣,柿,5274.762
2016,屏東縣,柿,8.205
2016,台東縣,柿,929.515
2016,花蓮縣,柿,438.014
2016,澎湖縣,柿,0.0
2016,基隆市,柿,0.0
2016,新竹市,柿,0.0
2016,嘉義市,柿,0.0
2016,金門縣,柿,0.0
2016,連江縣,柿,0.0
2016,新北市,木瓜,51.49
2016,台北市,木瓜,28.433
2016,桃園市,木瓜,44.036
2016,台中市,木瓜,400.656
2016,台南市,木瓜,29114.435
2016,高雄市,木瓜,10620.338
2016,宜蘭縣,木瓜,137.217
2016,新竹縣,木瓜,220.204
2016,苗栗縣,木瓜,735.164
2016,彰化縣,木瓜,1207.061
2016,南投縣,木瓜,14118.973
2016,雲林縣,木瓜,8270.659
2016,嘉義縣,木瓜,12489.816
2016,屏東縣,木瓜,25677.978
2016,台東縣,木瓜,1114.371
2016,花蓮縣,木瓜,1316.417
2016,澎湖縣,木瓜,8.761
2016,基隆市,木瓜,0.0
2016,新竹市,木瓜,3.5
2016,嘉義市,木瓜,356.76
2016,金門縣,木瓜,4.8
2016,連江縣,木瓜,0.0
2016,新北市,蓮霧,10.568
2016,台北市,蓮霧,22.715
2016,桃園市,蓮霧,3.2
2016,台中市,蓮霧,126.685
2016,台南市,蓮霧,310.864
2016,高雄市,蓮霧,5192.039
2016,宜蘭縣,蓮霧,1930.369
2016,新竹縣,蓮霧,13.584
2016,苗栗縣,蓮霧,12.672
2016,彰化縣,蓮霧,38.336
2016,南投縣,蓮霧,740.474
2016,雲林縣,蓮霧,240.785
2016,嘉義縣,蓮霧,3124.298
2016,屏東縣,蓮霧,38763.338
2016,台東縣,蓮霧,37.885
2016,花蓮縣,蓮霧,92.275
2016,澎湖縣,蓮霧,0.0
2016,基隆市,蓮霧,2.746
2016,新竹市,蓮霧,0.0
2016,嘉義市,蓮霧,11.7
2016,金門縣,蓮霧,0.0
2016,連江縣,蓮霧,0.0
2016,新北市,葡萄,1.56
2016,台北市,葡萄,0.0
2016,桃園市,葡萄,33.5
2016,台中市,葡萄,18913.609
2016,台南市,葡萄,109.687
2016,高雄市,葡萄,206.81
2016,宜蘭縣,葡萄,16.123
2016,新竹縣,葡萄,11.09
2016,苗栗縣,葡萄,14694.852
2016,彰化縣,葡萄,35422.256
2016,南投縣,葡萄,9859.033
2016,雲林縣,葡萄,35.447
2016,嘉義縣,葡萄,137.233
2016,屏東縣,葡萄,23.643
2016,台東縣,葡萄,207.567
2016,花蓮縣,葡萄,7.98
2016,澎湖縣,葡萄,0.0
2016,基隆市,葡萄,0.0
2016,新竹市,葡萄,0.0
2016,嘉義市,葡萄,0.0
2016,金門縣,葡萄,0.0
2016,連江縣,葡萄,0.0
2016,新北市,枇杷,0.0
2016,台北市,枇杷,1.44
2016,桃園市,枇杷,54.576
2016,台中市,枇杷,4361.837
2016,台南市,枇杷,0.14
2016,高雄市,枇杷,0.746
2016,宜蘭縣,枇杷,28.736
2016,新竹縣,枇杷,3.202
2016,苗栗縣,枇杷,243.248
2016,彰化縣,枇杷,1.55
2016,南投縣,枇杷,437.914
2016,雲林縣,枇杷,3.898
2016,嘉義縣,枇杷,4.36
2016,屏東縣,枇杷,0.0
2016,台東縣,枇杷,611.412
2016,花蓮縣,枇杷,28.457
2016,澎湖縣,枇杷,0.0
2016,基隆市,枇杷,0.0
2016,新竹市,枇杷,0.0
2016,嘉義市,枇杷,0.0
2016,金門縣,枇杷,0.06
2016,連江縣,枇杷,0.0
2016,新北市,梅,1.342
2016,台北市,梅,7.2
2016,桃園市,梅,6.06
2016,台中市,梅,682.788
2016,台南市,梅,973.69
2016,高雄市,梅,4823.985
2016,宜蘭縣,梅,3.74
2016,新竹縣,梅,6.57
2016,苗栗縣,梅,192.268
2016,彰化縣,梅,1.344
2016,南投縣,梅,4305.485
2016,雲林縣,梅,176.8
2016,嘉義縣,梅,333.32
2016,屏東縣,梅,9.0
2016,台東縣,梅,4409.311
2016,花蓮縣,梅,679.702
2016,澎湖縣,梅,0.0
2016,基隆市,梅,0.0
2016,新竹市,梅,0.0
2016,嘉義市,梅,0.0
2016,金門縣,梅,0.0
2016,連江縣,梅,0.0
2016,新北市,荔枝,0.0
2016,台北市,荔枝,0.0
2016,桃園市,荔枝,0.0
2016,台中市,荔枝,10837.406
2016,台南市,荔枝,5655.486
2016,高雄市,荔枝,12038.524
2016,宜蘭縣,荔枝,6.379
2016,新竹縣,荔枝,213.68
2016,苗栗縣,荔枝,186.468
2016,彰化縣,荔枝,3965.618
2016,南投縣,荔枝,5239.297
2016,雲林縣,荔枝,500.833
2016,嘉義縣,荔枝,4528.635
2016,屏東縣,荔枝,2398.46
2016,台東縣,荔枝,812.946
2016,花蓮縣,荔枝,4.449
2016,澎湖縣,荔枝,0.0
2016,基隆市,荔枝,0.0
2016,新竹市,荔枝,82.397
2016,嘉義市,荔枝,104.909
2016,金門縣,荔枝,0.07
2016,連江縣,荔枝,0.0
2016,新北市,橄欖,0.0
2016,台北市,橄欖,0.0
2016,桃園市,橄欖,7.04
2016,台中市,橄欖,119.493
2016,台南市,橄欖,199.314
2016,高雄市,橄欖,79.57
2016,宜蘭縣,橄欖,0.0
2016,新竹縣,橄欖,82.38
2016,苗栗縣,橄欖,193.365
2016,彰化縣,橄欖,4.91
2016,南投縣,橄欖,655.725
2016,雲林縣,橄欖,0.0
2016,嘉義縣,橄欖,52.725
2016,屏東縣,橄欖,4.579
2016,台東縣,橄欖,395.301
2016,花蓮縣,橄欖,127.29
2016,澎湖縣,橄欖,0.0
2016,基隆市,橄欖,0.0
2016,新竹市,橄欖,0.0
2016,嘉義市,橄欖,7.78
2016,金門縣,橄欖,0.0
2016,連江縣,橄欖,0.0
2016,新北市,楊桃,10.883
2016,台北市,楊桃,12.13
2016,桃園市,楊桃,0.0
2016,台中市,楊桃,693.576
2016,台南市,楊桃,5050.33
2016,高雄市,楊桃,95.861
2016,宜蘭縣,楊桃,261.668
2016,新竹縣,楊桃,46.62
2016,苗栗縣,楊桃,1018.658
2016,彰化縣,楊桃,1154.943
2016,南投縣,楊桃,236.986
2016,雲林縣,楊桃,220.43
2016,嘉義縣,楊桃,163.705
2016,屏東縣,楊桃,149.853
2016,台東縣,楊桃,54.216
2016,花蓮縣,楊桃,36.159
2016,澎湖縣,楊桃,0.0
2016,基隆市,楊桃,0.0
2016,新竹市,楊桃,0.0
2016,嘉義市,楊桃,0.0
2016,金門縣,楊桃,0.525
2016,連江縣,楊桃,0.0
2016,新北市,梨,67.354
2016,台北市,梨,2.04
2016,桃園市,梨,111.901
2016,台中市,梨,72162.896
2016,台南市,梨,30.427
2016,高雄市,梨,172.815
2016,宜蘭縣,梨,877.743
2016,新竹縣,梨,2041.658
2016,苗栗縣,梨,32696.415
2016,彰化縣,梨,458.278
2016,南投縣,梨,448.023
2016,雲林縣,梨,38.484
2016,嘉義縣,梨,1800.32
2016,屏東縣,梨,17.697
2016,台東縣,梨,250.552
2016,花蓮縣,梨,239.553
2016,澎湖縣,梨,0.0
2016,基隆市,梨,0.0
2016,新竹市,梨,8.073
2016,嘉義市,梨,0.0
2016,金門縣,梨,0.12
2016,連江縣,梨,0.0
2016,新北市,蘋果,0.0
2016,台北市,蘋果,0.0
2016,桃園市,蘋果,0.0
2016,台中市,蘋果,1135.96
2016,台南市,蘋果,0.0
2016,高雄市,蘋果,1.806
2016,宜蘭縣,蘋果,0.0
2016,新竹縣,蘋果,0.0
2016,苗栗縣,蘋果,0.0
2016,彰化縣,蘋果,0.165
2016,南投縣,蘋果,330.6
2016,雲林縣,蘋果,0.0
2016,嘉義縣,蘋果,1.29
2016,屏東縣,蘋果,0.0
2016,台東縣,蘋果,2.88
2016,花蓮縣,蘋果,10.17
2016,澎湖縣,蘋果,0.0
2016,基隆市,蘋果,0.0
2016,新竹市,蘋果,0.0
2016,嘉義市,蘋果,0.0
2016,金門縣,蘋果,0.08
2016,連江縣,蘋果,0.0
2016,新北市,棗,0.0
2016,台北市,棗,0.0
2016,桃園市,棗,0.0
2016,台中市,棗,79.036
2016,台南市,棗,5091.54
2016,高雄市,棗,13803.711
2016,宜蘭縣,棗,0.96
2016,新竹縣,棗,2.35
2016,苗栗縣,棗,973.1
2016,彰化縣,棗,62.364
2016,南投縣,棗,216.212
2016,雲林縣,棗,425.632
2016,嘉義縣,棗,704.552
2016,屏東縣,棗,7674.696
2016,台東縣,棗,37.336
2016,花蓮縣,棗,5.875
2016,澎湖縣,棗,0.0
2016,基隆市,棗,0.0
2016,新竹市,棗,0.0
2016,嘉義市,棗,23.16
2016,金門縣,棗,20.2
2016,連江縣,棗,0.0
2016,新北市,番荔枝,1.0
2016,台北市,番荔枝,0.0
2016,桃園市,番荔枝,0.0
2016,台中市,番荔枝,525.66
2016,台南市,番荔枝,1129.254
2016,高雄市,番荔枝,111.928
2016,宜蘭縣,番荔枝,32.738
2016,新竹縣,番荔枝,1.875
2016,苗栗縣,番荔枝,25.219
2016,彰化縣,番荔枝,443.404
2016,南投縣,番荔枝,193.201
2016,雲林縣,番荔枝,110.519
2016,嘉義縣,番荔枝,50.853
2016,屏東縣,番荔枝,330.842
2016,台東縣,番荔枝,22078.526
2016,花蓮縣,番荔枝,280.943
2016,澎湖縣,番荔枝,3.956
2016,基隆市,番荔枝,0.0
2016,新竹市,番荔枝,0.0
2016,嘉義市,番荔枝,0.0
2016,金門縣,番荔枝,0.0
2016,連江縣,番荔枝,0.0
2016,新北市,百香果,28.293
2016,台北市,百香果,14.28
2016,桃園市,百香果,10.548
2016,台中市,百香果,602.833
2016,台南市,百香果,190.81
2016,高雄市,百香果,104.719
2016,宜蘭縣,百香果,40.034
2016,新竹縣,百香果,9.495
2016,苗栗縣,百香果,217.674
2016,彰化縣,百香果,120.875
2016,南投縣,百香果,7437.441
2016,雲林縣,百香果,155.585
2016,嘉義縣,百香果,109.145
2016,屏東縣,百香果,108.248
2016,台東縣,百香果,122.414
2016,花蓮縣,百香果,122.053
2016,澎湖縣,百香果,0.0
2016,基隆市,百香果,0.51
2016,新竹市,百香果,0.0
2016,嘉義市,百香果,0.0
2016,金門縣,百香果,2.34
2016,連江縣,百香果,0.0
2016,新北市,可可椰子,0.0
2016,台北市,可可椰子,0.0
2016,桃園市,可可椰子,0.0
2016,台中市,可可椰子,1.568
2016,台南市,可可椰子,2326.897
2016,高雄市,可可椰子,4237.224
2016,宜蘭縣,可可椰子,1.845
2016,新竹縣,可可椰子,0.0
2016,苗栗縣,可可椰子,0.0
2016,彰化縣,可可椰子,2.232
2016,南投縣,可可椰子,11.082
2016,雲林縣,可可椰子,22.358
2016,嘉義縣,可可椰子,132.707
2016,屏東縣,可可椰子,7364.93
2016,台東縣,可可椰子,5183.169
2016,花蓮縣,可可椰子,341.782
2016,澎湖縣,可可椰子,0.0
2016,基隆市,可可椰子,0.0
2016,新竹市,可可椰子,0.0
2016,嘉義市,可可椰子,7.065
2016,金門縣,可可椰子,0.0
2016,連江縣,可可椰子,0.0
2016,新北市,其他水果,426.728
2016,台北市,其他水果,306.015
2016,桃園市,其他水果,748.985
2016,台中市,其他水果,2723.931
2016,台南市,其他水果,11606.809
2016,高雄市,其他水果,3305.35
2016,宜蘭縣,其他水果,1298.865
2016,新竹縣,其他水果,655.971
2016,苗栗縣,其他水果,1261.461
2016,彰化縣,其他水果,11453.335
2016,南投縣,其他水果,9254.516
2016,雲林縣,其他水果,3461.512
2016,嘉義縣,其他水果,6569.082
2016,屏東縣,其他水果,7527.714
2016,台東縣,其他水果,3877.081
2016,花蓮縣,其他水果,1488.705
2016,澎湖縣,其他水果,224.676
2016,基隆市,其他水果,5.985
2016,新竹市,其他水果,28.766
2016,嘉義市,其他水果,441.265
2016,金門縣,其他水果,24.248
2016,連江縣,其他水果,0.0
2015,新北市,香蕉,1108.142
2015,台北市,香蕉,155.98
2015,桃園市,香蕉,366.487
2015,台中市,香蕉,6051.181
2015,台南市,香蕉,18203.279
2015,高雄市,香蕉,37465.998
2015,宜蘭縣,香蕉,984.848
2015,新竹縣,香蕉,1378.011
2015,苗栗縣,香蕉,2026.576
2015,彰化縣,香蕉,3170.071
2015,南投縣,香蕉,47821.619
2015,雲林縣,香蕉,12899.595
2015,嘉義縣,香蕉,51971.938
2015,屏東縣,香蕉,66105.907
2015,台東縣,香蕉,11834.187
2015,花蓮縣,香蕉,11641.297
2015,澎湖縣,香蕉,23.737
2015,基隆市,香蕉,51.555
2015,新竹市,香蕉,108.552
2015,嘉義市,香蕉,697.2
2015,金門縣,香蕉,0.0
2015,連江縣,香蕉,0.0
2015,新北市,鳳梨,28.575
2015,台北市,鳳梨,0.0
2015,桃園市,鳳梨,19.494
2015,台中市,鳳梨,5146.76
2015,台南市,鳳梨,63874.201
2015,高雄市,鳳梨,50233.209
2015,宜蘭縣,鳳梨,1146.062
2015,新竹縣,鳳梨,21.6
2015,苗栗縣,鳳梨,14.9
2015,彰化縣,鳳梨,12586.965
2015,南投縣,鳳梨,80704.701
2015,雲林縣,鳳梨,43935.938
2015,嘉義縣,鳳梨,65971.789
2015,屏東縣,鳳梨,140668.795
2015,台東縣,鳳梨,17613.294
2015,花蓮縣,鳳梨,9135.316
2015,澎湖縣,鳳梨,14.31
2015,基隆市,鳳梨,0.0
2015,新竹市,鳳梨,0.0
2015,嘉義市,鳳梨,2882.442
2015,金門縣,鳳梨,0.0
2015,連江縣,鳳梨,0.0
2015,新北市,椪柑,9.761
2015,台北市,椪柑,23.292
2015,桃園市,椪柑,31.59
2015,台中市,椪柑,28802.892
2015,台南市,椪柑,19334.543
2015,高雄市,椪柑,3.424
2015,宜蘭縣,椪柑,112.827
2015,新竹縣,椪柑,4809.412
2015,苗栗縣,椪柑,12117.938
2015,彰化縣,椪柑,118.433
2015,南投縣,椪柑,484.853
2015,雲林縣,椪柑,13984.054
2015,嘉義縣,椪柑,27618.412
2015,屏東縣,椪柑,0.0
2015,台東縣,椪柑,362.882
2015,花蓮縣,椪柑,216.984
2015,澎湖縣,椪柑,0.0
2015,基隆市,椪柑,0.0
2015,新竹市,椪柑,0.0
2015,嘉義市,椪柑,26.442
2015,金門縣,椪柑,0.0
2015,連江縣,椪柑,0.0
2015,新北市,柳橙,54.61
2015,台北市,柳橙,17.136
2015,桃園市,柳橙,14.659
2015,台中市,柳橙,395.619
2015,台南市,柳橙,44033.842
2015,高雄市,柳橙,203.317
2015,宜蘭縣,柳橙,855.981
2015,新竹縣,柳橙,1345.18
2015,苗栗縣,柳橙,134.698
2015,彰化縣,柳橙,577.86
2015,南投縣,柳橙,12018.051
2015,雲林縣,柳橙,60805.676
2015,嘉義縣,柳橙,16828.216
2015,屏東縣,柳橙,51.78
2015,台東縣,柳橙,557.341
2015,花蓮縣,柳橙,468.82
2015,澎湖縣,柳橙,0.798
2015,基隆市,柳橙,0.0
2015,新竹市,柳橙,0.0
2015,嘉義市,柳橙,1130.22
2015,金門縣,柳橙,0.0
2015,連江縣,柳橙,0.0
2015,新北市,桶柑,863.32
2015,台北市,桶柑,131.424
2015,桃園市,桶柑,867.59
2015,台中市,桶柑,9698.711
2015,台南市,桶柑,13.44
2015,高雄市,桶柑,0.0
2015,宜蘭縣,桶柑,2300.778
2015,新竹縣,桶柑,24555.76
2015,苗栗縣,桶柑,9976.476
2015,彰化縣,桶柑,36.341
2015,南投縣,桶柑,110.644
2015,雲林縣,桶柑,17.1
2015,嘉義縣,桶柑,134.724
2015,屏東縣,桶柑,0.0
2015,台東縣,桶柑,2451.359
2015,花蓮縣,桶柑,847.342
2015,澎湖縣,桶柑,0.0
2015,基隆市,桶柑,11.979
2015,新竹市,桶柑,5.817
2015,嘉義市,桶柑,0.0
2015,金門縣,桶柑,0.0
2015,連江縣,桶柑,0.0
2015,新北市,文旦柚,4904.6
2015,台北市,文旦柚,109.273
2015,桃園市,文旦柚,260.607
2015,台中市,文旦柚,1484.207
2015,台南市,文旦柚,18767.617
2015,高雄市,文旦柚,149.503
2015,宜蘭縣,文旦柚,2631.53
2015,新竹縣,文旦柚,877.484
2015,苗栗縣,文旦柚,5908.275
2015,彰化縣,文旦柚,781.724
2015,南投縣,文旦柚,1449.135
2015,雲林縣,文旦柚,4935.159
2015,嘉義縣,文旦柚,2073.374
2015,屏東縣,文旦柚,24.407
2015,台東縣,文旦柚,1612.56
2015,花蓮縣,文旦柚,14662.913
2015,澎湖縣,文旦柚,0.0
2015,基隆市,文旦柚,122.929
2015,新竹市,文旦柚,85.968
2015,嘉義市,文旦柚,53.49
2015,金門縣,文旦柚,0.0
2015,連江縣,文旦柚,0.0
2015,新北市,斗柚,52.556
2015,台北市,斗柚,28.5
2015,桃園市,斗柚,0.0
2015,台中市,斗柚,11.61
2015,台南市,斗柚,0.0
2015,高雄市,斗柚,147.256
2015,宜蘭縣,斗柚,163.215
2015,新竹縣,斗柚,40.989
2015,苗栗縣,斗柚,100.405
2015,彰化縣,斗柚,2.28
2015,南投縣,斗柚,5.775
2015,雲林縣,斗柚,0.0
2015,嘉義縣,斗柚,114.392
2015,屏東縣,斗柚,0.0
2015,台東縣,斗柚,134.54
2015,花蓮縣,斗柚,162.467
2015,澎湖縣,斗柚,0.0
2015,基隆市,斗柚,1.68
2015,新竹市,斗柚,13.541
2015,嘉義市,斗柚,0.0
2015,金門縣,斗柚,0.0
2015,連江縣,斗柚,0.0
2015,新北市,白柚,91.764
2015,台北市,白柚,47.49
2015,桃園市,白柚,1.6
2015,台中市,白柚,50.827
2015,台南市,白柚,4951.747
2015,高雄市,白柚,105.319
2015,宜蘭縣,白柚,52.907
2015,新竹縣,白柚,33.75
2015,苗栗縣,白柚,743.52
2015,彰化縣,白柚,941.484
2015,南投縣,白柚,437.563
2015,雲林縣,白柚,979.595
2015,嘉義縣,白柚,874.667
2015,屏東縣,白柚,8.039
2015,台東縣,白柚,936.735
2015,花蓮縣,白柚,376.17
2015,澎湖縣,白柚,0.0
2015,基隆市,白柚,0.0
2015,新竹市,白柚,27.834
2015,嘉義市,白柚,188.92
2015,金門縣,白柚,0.0
2015,連江縣,白柚,0.0
2015,新北市,溫州蜜柑,0.0
2015,台北市,溫州蜜柑,0.0
2015,桃園市,溫州蜜柑,0.0
2015,台中市,溫州蜜柑,105.43
2015,台南市,溫州蜜柑,0.0
2015,高雄市,溫州蜜柑,0.0
2015,宜蘭縣,溫州蜜柑,50.615
2015,新竹縣,溫州蜜柑,0.0
2015,苗栗縣,溫州蜜柑,13.33
2015,彰化縣,溫州蜜柑,2.196
2015,南投縣,溫州蜜柑,0.0
2015,雲林縣,溫州蜜柑,0.0
2015,嘉義縣,溫州蜜柑,7.925
2015,屏東縣,溫州蜜柑,0.0
2015,台東縣,溫州蜜柑,8.643
2015,花蓮縣,溫州蜜柑,26.63
2015,澎湖縣,溫州蜜柑,0.0
2015,基隆市,溫州蜜柑,0.0
2015,新竹市,溫州蜜柑,0.0
2015,嘉義市,溫州蜜柑,0.0
2015,金門縣,溫州蜜柑,0.0
2015,連江縣,溫州蜜柑,0.0
2015,新北市,晚崙西亞橙,0.0
2015,台北市,晚崙西亞橙,0.0
2015,桃園市,晚崙西亞橙,0.0
2015,台中市,晚崙西亞橙,0.0
2015,台南市,晚崙西亞橙,0.0
2015,高雄市,晚崙西亞橙,0.0
2015,宜蘭縣,晚崙西亞橙,0.0
2015,新竹縣,晚崙西亞橙,0.0
2015,苗栗縣,晚崙西亞橙,0.0
2015,彰化縣,晚崙西亞橙,0.0
2015,南投縣,晚崙西亞橙,0.0
2015,雲林縣,晚崙西亞橙,0.0
2015,嘉義縣,晚崙西亞橙,0.0
2015,屏東縣,晚崙西亞橙,0.0
2015,台東縣,晚崙西亞橙,967.996
2015,花蓮縣,晚崙西亞橙,191.348
2015,澎湖縣,晚崙西亞橙,0.0
2015,基隆市,晚崙西亞橙,0.0
2015,新竹市,晚崙西亞橙,0.0
2015,嘉義市,晚崙西亞橙,0.0
2015,金門縣,晚崙西亞橙,0.0
2015,連江縣,晚崙西亞橙,0.0
2015,新北市,檸檬,1.173
2015,台北市,檸檬,2.72
2015,桃園市,檸檬,10.17
2015,台中市,檸檬,439.663
2015,台南市,檸檬,474.663
2015,高雄市,檸檬,3616.078
2015,宜蘭縣,檸檬,46.579
2015,新竹縣,檸檬,23.27
2015,苗栗縣,檸檬,9.988
2015,彰化縣,檸檬,858.742
2015,南投縣,檸檬,2192.405
2015,雲林縣,檸檬,499.194
2015,嘉義縣,檸檬,740.16
2015,屏東縣,檸檬,29016.944
2015,台東縣,檸檬,567.849
2015,花蓮縣,檸檬,172.1
2015,澎湖縣,檸檬,0.0
2015,基隆市,檸檬,0.0
2015,新竹市,檸檬,0.0
2015,嘉義市,檸檬,33.145
2015,金門縣,檸檬,0.0
2015,連江縣,檸檬,0.0
2015,新北市,葡萄柚,71.89
2015,台北市,葡萄柚,7.875
2015,桃園市,葡萄柚,0.0
2015,台中市,葡萄柚,28.582
2015,台南市,葡萄柚,391.918
2015,高雄市,葡萄柚,32.913
2015,宜蘭縣,葡萄柚,32.68
2015,新竹縣,葡萄柚,105.823
2015,苗栗縣,葡萄柚,25.78
2015,彰化縣,葡萄柚,67.406
2015,南投縣,葡萄柚,81.324
2015,雲林縣,葡萄柚,2044.351
2015,嘉義縣,葡萄柚,4049.134
2015,屏東縣,葡萄柚,211.588
2015,台東縣,葡萄柚,208.872
2015,花蓮縣,葡萄柚,731.496
2015,澎湖縣,葡萄柚,0.0
2015,基隆市,葡萄柚,0.0
2015,新竹市,葡萄柚,36.925
2015,嘉義市,葡萄柚,420.96
2015,金門縣,葡萄柚,0.0
2015,連江縣,葡萄柚,0.0
2015,新北市,其他雜柑類,15.996
2015,台北市,其他雜柑類,13.86
2015,桃園市,其他雜柑類,56.638
2015,台中市,其他雜柑類,6817.194
2015,台南市,其他雜柑類,454.161
2015,高雄市,其他雜柑類,273.285
2015,宜蘭縣,其他雜柑類,3712.766
2015,新竹縣,其他雜柑類,11691.004
2015,苗栗縣,其他雜柑類,6169.183
2015,彰化縣,其他雜柑類,1043.386
2015,南投縣,其他雜柑類,1796.201
2015,雲林縣,其他雜柑類,8213.666
2015,嘉義縣,其他雜柑類,3245.294
2015,屏東縣,其他雜柑類,2694.117
2015,台東縣,其他雜柑類,1245.497
2015,花蓮縣,其他雜柑類,1114.405
2015,澎湖縣,其他雜柑類,0.0
2015,基隆市,其他雜柑類,0.281
2015,新竹市,其他雜柑類,20.065
2015,嘉義市,其他雜柑類,0.0
2015,金門縣,其他雜柑類,0.0
2015,連江縣,其他雜柑類,0.0
2015,新北市,龍眼,0.87
2015,台北市,龍眼,16.116
2015,桃園市,龍眼,6.0
2015,台中市,龍眼,17551.666
2015,台南市,龍眼,31320.081
2015,高雄市,龍眼,14160.95
2015,宜蘭縣,龍眼,81.508
2015,新竹縣,龍眼,97.745
2015,苗栗縣,龍眼,477.497
2015,彰化縣,龍眼,5054.556
2015,南投縣,龍眼,9683.65
2015,雲林縣,龍眼,157.167
2015,嘉義縣,龍眼,5769.142
2015,屏東縣,龍眼,142.411
2015,台東縣,龍眼,180.075
2015,花蓮縣,龍眼,43.023
2015,澎湖縣,龍眼,0.0
2015,基隆市,龍眼,0.0
2015,新竹市,龍眼,16.944
2015,嘉義市,龍眼,429.197
2015,金門縣,龍眼,0.0
2015,連江縣,龍眼,0.0
2015,新北市,芒果,3.39
2015,台北市,芒果,0.0
2015,桃園市,芒果,0.0
2015,台中市,芒果,958.828
2015,台南市,芒果,78887.984
2015,高雄市,芒果,17973.285
2015,宜蘭縣,芒果,44.429
2015,新竹縣,芒果,7.085
2015,苗栗縣,芒果,97.335
2015,彰化縣,芒果,1344.63
2015,南投縣,芒果,964.872
2015,雲林縣,芒果,960.036
2015,嘉義縣,芒果,3681.918
2015,屏東縣,芒果,58739.246
2015,台東縣,芒果,2050.073
2015,花蓮縣,芒果,234.214
2015,澎湖縣,芒果,0.0
2015,基隆市,芒果,0.36
2015,新竹市,芒果,3.672
2015,嘉義市,芒果,308.673
2015,金門縣,芒果,0.0
2015,連江縣,芒果,0.0
2015,新北市,檳榔,2057.998
2015,台北市,檳榔,27.364
2015,桃園市,檳榔,54.822
2015,台中市,檳榔,3669.083
2015,台南市,檳榔,1416.009
2015,高雄市,檳榔,1644.19
2015,宜蘭縣,檳榔,280.087
2015,新竹縣,檳榔,724.919
2015,苗栗縣,檳榔,948.66
2015,彰化縣,檳榔,233.239
2015,南投縣,檳榔,31399.677
2015,雲林縣,檳榔,1957.457
2015,嘉義縣,檳榔,21813.052
2015,屏東縣,檳榔,34636.455
2015,台東縣,檳榔,3608.641
2015,花蓮縣,檳榔,8585.887
2015,澎湖縣,檳榔,0.0
2015,基隆市,檳榔,7.194
2015,新竹市,檳榔,0.46
2015,嘉義市,檳榔,116.554
2015,金門縣,檳榔,0.0
2015,連江縣,檳榔,0.0
2015,新北市,番石榴,596.522
2015,台北市,番石榴,44.301
2015,桃園市,番石榴,140.399
2015,台中市,番石榴,1751.12
2015,台南市,番石榴,29626.583
2015,高雄市,番石榴,53435.324
2015,宜蘭縣,番石榴,2904.24
2015,新竹縣,番石榴,214.08
2015,苗栗縣,番石榴,713.278
2015,彰化縣,番石榴,32181.233
2015,南投縣,番石榴,3799.284
2015,雲林縣,番石榴,5957.23
2015,嘉義縣,番石榴,5535.761
2015,屏東縣,番石榴,11095.929
2015,台東縣,番石榴,1360.441
2015,花蓮縣,番石榴,1037.35
2015,澎湖縣,番石榴,34.019
2015,基隆市,番石榴,0.812
2015,新竹市,番石榴,36.394
2015,嘉義市,番石榴,222.24
2015,金門縣,番石榴,0.0
2015,連江縣,番石榴,0.0
2015,新北市,李,38.147
2015,台北市,李,0.0
2015,桃園市,李,24.15
2015,台中市,李,2667.24
2015,台南市,李,7.29
2015,高雄市,李,1303.157
2015,宜蘭縣,李,1002.308
2015,新竹縣,李,264.242
2015,苗栗縣,李,3720.561
2015,彰化縣,李,2.0
2015,南投縣,李,2136.763
2015,雲林縣,李,2.0
2015,嘉義縣,李,106.97
2015,屏東縣,李,43.864
2015,台東縣,李,2033.494
2015,花蓮縣,李,650.437
2015,澎湖縣,李,0.0
2015,基隆市,李,0.0
2015,新竹市,李,0.0
2015,嘉義市,李,0.0
2015,金門縣,李,0.0
2015,連江縣,李,0.0
2015,新北市,桃,59.044
2015,台北市,桃,3.0
2015,桃園市,桃,2710.77
2015,台中市,桃,17390.735
2015,台南市,桃,11.11
2015,高雄市,桃,736.545
2015,臺灣省,桃,6115.164
2015,宜蘭縣,桃,536.099
2015,新竹縣,桃,2146.765
2015,苗栗縣,桃,857.017
2015,彰化縣,桃,80.693
2015,南投縣,桃,1321.042
2015,雲林縣,桃,33.499
2015,嘉義縣,桃,328.033
2015,屏東縣,桃,43.895
2015,台東縣,桃,516.318
2015,花蓮縣,桃,251.651
2015,澎湖縣,桃,0.0
2015,基隆市,桃,0.065
2015,新竹市,桃,0.087
2015,嘉義市,桃,0.0
2015,金門縣,桃,0.0
2015,連江縣,桃,0.0
2015,新北市,柿,128.539
2015,台北市,柿,41.545
2015,桃園市,柿,878.325
2015,台中市,柿,43343.962
2015,台南市,柿,20.034
2015,高雄市,柿,158.286
2015,宜蘭縣,柿,233.596
2015,新竹縣,柿,2968.938
2015,苗栗縣,柿,4927.268
2015,彰化縣,柿,14.828
2015,南投縣,柿,2209.463
2015,雲林縣,柿,165.125
2015,嘉義縣,柿,4531.416
2015,屏東縣,柿,7.852
2015,台東縣,柿,940.063
2015,花蓮縣,柿,359.406
2015,澎湖縣,柿,0.0
2015,基隆市,柿,0.0
2015,新竹市,柿,0.0
2015,嘉義市,柿,0.0
2015,金門縣,柿,0.0
2015,連江縣,柿,0.0
2015,新北市,木瓜,72.389
2015,台北市,木瓜,26.185
2015,桃園市,木瓜,40.97
2015,台中市,木瓜,333.174
2015,台南市,木瓜,33966.159
2015,高雄市,木瓜,12279.568
2015,宜蘭縣,木瓜,144.363
2015,新竹縣,木瓜,201.304
2015,苗栗縣,木瓜,411.214
2015,彰化縣,木瓜,1309.464
2015,南投縣,木瓜,14061.528
2015,雲林縣,木瓜,9701.797
2015,嘉義縣,木瓜,12605.305
2015,屏東縣,木瓜,27723.12
2015,台東縣,木瓜,894.28
2015,花蓮縣,木瓜,984.887
2015,澎湖縣,木瓜,12.712
2015,基隆市,木瓜,0.0
2015,新竹市,木瓜,1.484
2015,嘉義市,木瓜,345.24
2015,金門縣,木瓜,0.0
2015,連江縣,木瓜,0.0
2015,新北市,蓮霧,10.568
2015,台北市,蓮霧,1.805
2015,桃園市,蓮霧,5.2
2015,台中市,蓮霧,123.336
2015,台南市,蓮霧,292.991
2015,高雄市,蓮霧,6157.649
2015,宜蘭縣,蓮霧,1926.617
2015,新竹縣,蓮霧,13.949
2015,苗栗縣,蓮霧,10.792
2015,彰化縣,蓮霧,50.994
2015,南投縣,蓮霧,790.345
2015,雲林縣,蓮霧,221.768
2015,嘉義縣,蓮霧,2633.165
2015,屏東縣,蓮霧,53371.758
2015,台東縣,蓮霧,43.82
2015,花蓮縣,蓮霧,110.546
2015,澎湖縣,蓮霧,0.0
2015,基隆市,蓮霧,2.743
2015,新竹市,蓮霧,0.0
2015,嘉義市,蓮霧,6.72
2015,金門縣,蓮霧,0.0
2015,連江縣,蓮霧,0.0
2015,新北市,葡萄,1.35
2015,台北市,葡萄,0.0
2015,桃園市,葡萄,19.2
2015,台中市,葡萄,18879.103
2015,台南市,葡萄,102.063
2015,高雄市,葡萄,210.657
2015,宜蘭縣,葡萄,16.267
2015,新竹縣,葡萄,12.295
2015,苗栗縣,葡萄,16113.664
2015,彰化縣,葡萄,35746.392
2015,南投縣,葡萄,13859.6
2015,雲林縣,葡萄,78.122
2015,嘉義縣,葡萄,93.549
2015,屏東縣,葡萄,24.745
2015,台東縣,葡萄,257.406
2015,花蓮縣,葡萄,20.4
2015,澎湖縣,葡萄,0.0
2015,基隆市,葡萄,0.0
2015,新竹市,葡萄,0.0
2015,嘉義市,葡萄,0.0
2015,金門縣,葡萄,0.0
2015,連江縣,葡萄,0.0
2015,新北市,枇杷,0.0
2015,台北市,枇杷,0.0
2015,桃園市,枇杷,47.43
2015,台中市,枇杷,5179.279
2015,台南市,枇杷,0.696
2015,高雄市,枇杷,0.826
2015,宜蘭縣,枇杷,29.569
2015,新竹縣,枇杷,3.15
2015,苗栗縣,枇杷,197.089
2015,彰化縣,枇杷,2.95
2015,南投縣,枇杷,694.745
2015,雲林縣,枇杷,4.39
2015,嘉義縣,枇杷,4.56
2015,屏東縣,枇杷,0.0
2015,台東縣,枇杷,644.46
2015,花蓮縣,枇杷,38.533
2015,澎湖縣,枇杷,0.0
2015,基隆市,枇杷,0.045
2015,新竹市,枇杷,0.0
2015,嘉義市,枇杷,0.0
2015,金門縣,枇杷,0.0
2015,連江縣,枇杷,0.0
2015,新北市,梅,2.13
2015,台北市,梅,6.0
2015,桃園市,梅,37.5
2015,台中市,梅,774.654
2015,台南市,梅,2266.339
2015,高雄市,梅,7634.227
2015,宜蘭縣,梅,3.74
2015,新竹縣,梅,8.76
2015,苗栗縣,梅,200.594
2015,彰化縣,梅,0.0
2015,南投縣,梅,14432.247
2015,雲林縣,梅,296.4
2015,嘉義縣,梅,387.668
2015,屏東縣,梅,9.0
2015,台東縣,梅,5724.49
2015,花蓮縣,梅,689.592
2015,澎湖縣,梅,0.0
2015,基隆市,梅,0.0
2015,新竹市,梅,0.0
2015,嘉義市,梅,0.0
2015,金門縣,梅,0.0
2015,連江縣,梅,0.0
2015,新北市,荔枝,0.0
2015,台北市,荔枝,0.0
2015,桃園市,荔枝,0.0
2015,台中市,荔枝,16783.0
2015,台南市,荔枝,8519.0
2015,高雄市,荔枝,27871.0
2015,宜蘭縣,荔枝,7.672
2015,新竹縣,荔枝,255.53
2015,苗栗縣,荔枝,247.976
2015,彰化縣,荔枝,5785.12
2015,南投縣,荔枝,14253.846
2015,雲林縣,荔枝,706.746
2015,嘉義縣,荔枝,7153.55
2015,屏東縣,荔枝,4426.696
2015,台東縣,荔枝,1124.783
2015,花蓮縣,荔枝,4.758
2015,澎湖縣,荔枝,0.0
2015,基隆市,荔枝,0.0
2015,新竹市,荔枝,148.69
2015,嘉義市,荔枝,227.002
2015,金門縣,荔枝,0.0
2015,連江縣,荔枝,0.0
2015,新北市,橄欖,0.0
2015,台北市,橄欖,0.0
2015,桃園市,橄欖,6.4
2015,台中市,橄欖,122.435
2015,台南市,橄欖,200.687
2015,高雄市,橄欖,83.707
2015,宜蘭縣,橄欖,0.0
2015,新竹縣,橄欖,74.294
2015,苗栗縣,橄欖,144.829
2015,彰化縣,橄欖,6.495
2015,南投縣,橄欖,728.32
2015,雲林縣,橄欖,0.0
2015,嘉義縣,橄欖,51.495
2015,屏東縣,橄欖,3.0
2015,台東縣,橄欖,403.031
2015,花蓮縣,橄欖,146.4
2015,澎湖縣,橄欖,0.0
2015,基隆市,橄欖,0.0
2015,新竹市,橄欖,0.0
2015,嘉義市,橄欖,7.78
2015,金門縣,橄欖,0.0
2015,連江縣,橄欖,0.0
2015,新北市,楊桃,20.183
2015,台北市,楊桃,7.2
2015,桃園市,楊桃,0.0
2015,台中市,楊桃,923.384
2015,台南市,楊桃,5720.245
2015,高雄市,楊桃,109.243
2015,宜蘭縣,楊桃,284.97
2015,新竹縣,楊桃,46.605
2015,苗栗縣,楊桃,1523.108
2015,彰化縣,楊桃,1099.01
2015,南投縣,楊桃,268.194
2015,雲林縣,楊桃,238.712
2015,嘉義縣,楊桃,137.516
2015,屏東縣,楊桃,291.075
2015,台東縣,楊桃,56.278
2015,花蓮縣,楊桃,33.476
2015,澎湖縣,楊桃,0.0
2015,基隆市,楊桃,0.0
2015,新竹市,楊桃,0.0
2015,嘉義市,楊桃,0.0
2015,金門縣,楊桃,0.0
2015,連江縣,楊桃,0.0
2015,新北市,梨,135.695
2015,台北市,梨,0.0
2015,桃園市,梨,69.335
2015,台中市,梨,82132.551
2015,台南市,梨,29.325
2015,高雄市,梨,201.39
2015,宜蘭縣,梨,1118.477
2015,新竹縣,梨,3079.935
2015,苗栗縣,梨,36869.64
2015,彰化縣,梨,547.697
2015,南投縣,梨,493.047
2015,雲林縣,梨,35.931
2015,嘉義縣,梨,1781.38
2015,屏東縣,梨,17.516
2015,台東縣,梨,275.532
2015,花蓮縣,梨,215.958
2015,澎湖縣,梨,0.0
2015,基隆市,梨,0.0
2015,新竹市,梨,12.897
2015,嘉義市,梨,0.0
2015,金門縣,梨,0.0
2015,連江縣,梨,0.0
2015,新北市,蘋果,0.0
2015,台北市,蘋果,0.0
2015,桃園市,蘋果,0.0
2015,台中市,蘋果,925.302
2015,台南市,蘋果,0.0
2015,高雄市,蘋果,0.0
2015,宜蘭縣,蘋果,0.0
2015,新竹縣,蘋果,0.0
2015,苗栗縣,蘋果,0.0
2015,彰化縣,蘋果,0.18
2015,南投縣,蘋果,380.19
2015,雲林縣,蘋果,0.0
2015,嘉義縣,蘋果,0.45
2015,屏東縣,蘋果,0.0
2015,台東縣,蘋果,3.015
2015,花蓮縣,蘋果,9.9
2015,澎湖縣,蘋果,0.0
2015,基隆市,蘋果,0.0
2015,新竹市,蘋果,0.0
2015,嘉義市,蘋果,0.0
2015,金門縣,蘋果,0.0
2015,連江縣,蘋果,0.0
2015,新北市,棗,0.0
2015,台北市,棗,0.0
2015,桃園市,棗,0.0
2015,台中市,棗,83.469
2015,台南市,棗,4960.612
2015,高雄市,棗,15863.313
2015,宜蘭縣,棗,18.0
2015,新竹縣,棗,3.0
2015,苗栗縣,棗,556.965
2015,彰化縣,棗,44.566
2015,南投縣,棗,350.026
2015,雲林縣,棗,445.097
2015,嘉義縣,棗,716.445
2015,屏東縣,棗,11079.477
2015,台東縣,棗,44.387
2015,花蓮縣,棗,0.0
2015,澎湖縣,棗,0.0
2015,基隆市,棗,0.0
2015,新竹市,棗,0.0
2015,嘉義市,棗,25.32
2015,金門縣,棗,0.0
2015,連江縣,棗,0.0
2015,新北市,番荔枝,1.0
2015,台北市,番荔枝,0.0
2015,桃園市,番荔枝,0.0
2015,台中市,番荔枝,642.124
2015,台南市,番荔枝,1365.855
2015,高雄市,番荔枝,149.369
2015,宜蘭縣,番荔枝,25.923
2015,新竹縣,番荔枝,1.875
2015,苗栗縣,番荔枝,32.027
2015,彰化縣,番荔枝,523.841
2015,南投縣,番荔枝,306.9
2015,雲林縣,番荔枝,137.377
2015,嘉義縣,番荔枝,78.11
2015,屏東縣,番荔枝,443.868
2015,台東縣,番荔枝,51281.518
2015,花蓮縣,番荔枝,427.321
2015,澎湖縣,番荔枝,8.999
2015,基隆市,番荔枝,0.0
2015,新竹市,番荔枝,0.0
2015,嘉義市,番荔枝,0.0
2015,金門縣,番荔枝,0.0
2015,連江縣,番荔枝,0.0
2015,新北市,百香果,29.67
2015,台北市,百香果,6.64
2015,桃園市,百香果,1.586
2015,台中市,百香果,550.463
2015,台南市,百香果,133.934
2015,高雄市,百香果,109.248
2015,宜蘭縣,百香果,47.132
2015,新竹縣,百香果,16.674
2015,苗栗縣,百香果,110.111
2015,彰化縣,百香果,113.86
2015,南投縣,百香果,7031.627
2015,雲林縣,百香果,252.64
2015,嘉義縣,百香果,75.526
2015,屏東縣,百香果,178.691
2015,台東縣,百香果,211.022
2015,花蓮縣,百香果,225.283
2015,澎湖縣,百香果,0.0
2015,基隆市,百香果,0.243
2015,新竹市,百香果,0.0
2015,嘉義市,百香果,0.0
2015,金門縣,百香果,0.0
2015,連江縣,百香果,0.0
2015,新北市,可可椰子,0.0
2015,台北市,可可椰子,0.0
2015,桃園市,可可椰子,0.0
2015,台中市,可可椰子,1.624
2015,台南市,可可椰子,2390.099
2015,高雄市,可可椰子,4762.741
2015,宜蘭縣,可可椰子,0.36
2015,新竹縣,可可椰子,0.0
2015,苗栗縣,可可椰子,0.0
2015,彰化縣,可可椰子,1.35
2015,南投縣,可可椰子,11.466
2015,雲林縣,可可椰子,26.816
2015,嘉義縣,可可椰子,99.142
2015,屏東縣,可可椰子,7899.222
2015,台東縣,可可椰子,6052.53
2015,花蓮縣,可可椰子,434.06
2015,澎湖縣,可可椰子,0.0
2015,基隆市,可可椰子,0.0
2015,新竹市,可可椰子,0.0
2015,嘉義市,可可椰子,7.394
2015,金門縣,可可椰子,0.0
2015,連江縣,可可椰子,0.0
2015,新北市,其他水果,507.208
2015,台北市,其他水果,280.576
2015,桃園市,其他水果,495.699
2015,台中市,其他水果,2561.272
2015,台南市,其他水果,9910.628
2015,高雄市,其他水果,3163.472
2015,宜蘭縣,其他水果,1163.237
2015,新竹縣,其他水果,590.561
2015,苗栗縣,其他水果,1004.609
2015,彰化縣,其他水果,10367.828
2015,南投縣,其他水果,8713.955
2015,雲林縣,其他水果,2524.37
2015,嘉義縣,其他水果,5973.007
2015,屏東縣,其他水果,7391.918
2015,台東縣,其他水果,4441.817
2015,花蓮縣,其他水果,1430.78
2015,澎湖縣,其他水果,253.58
2015,基隆市,其他水果,7.034
2015,新竹市,其他水果,28.519
2015,嘉義市,其他水果,451.817
2015,金門縣,其他水果,0.0
2015,連江縣,其他水果,0.0
